side,label,energy_cm1,f_exp,s_exp,s_ed,a_ed_s1,branching
absorption,7F6 <- 7F1,4541.326067,1.983e-06,0.0003224105945,0.0002287405055,,
absorption,7F6 <- 7F0,4791.566842,1.232e-06,6.327115745e-05,8.786982832e-05,,
absorption,5D1 <- 7F1,18726.59176,4.5e-07,1.727792955e-05,1.523541388e-05,,
absorption,5D2 <- 7F0,21459.22747,3.33e-07,3.682791633e-06,4.687819656e-06,,
absorption,5D3 <- 7F1,24154.58937,3.02e-07,8.798367046e-06,6.827367072e-06,,
absorption,5L6 <- 7F1,25000,1.383e-06,3.876923119e-05,5.821603533e-06,,
absorption,5L6 <- 7F0,25380.71066,3.338e-06,3.066386245e-05,8.91433041e-06,,
absorption,5G2 <- 7F0,26178.01047,5.23e-07,4.638536992e-06,3.515864742e-06,,
absorption,5D4 <- 7F0,27700.83102,4.89e-07,4.063116879e-06,4.483457244e-06,,
