i_root,i_label,j_root,j_label,energy_eV,fosc
4,5.0A,5,5.0A,715.072591,0.000892271
3,5.0A,5,5.0A,715.072592,1.479e-06
2,5.0A,5,5.0A,715.072592,2.166e-06
4,5.0A,6,5.0A,715.090004,2.402e-06
3,5.0A,6,5.0A,715.090004,0.000787831
2,5.0A,6,5.0A,715.090004,3.637e-06
0,5.0A,6,5.0A,715.090005,2.319e-06
4,5.0A,7,5.0A,715.11543,3.03e-06
3,5.0A,7,5.0A,715.11543,4.024e-06
2,5.0A,7,5.0A,715.11543,0.00084649
0,5.0A,7,5.0A,715.115431,3.376e-06
3,5.0A,8,5.0A,715.185162,2.1075e-05
2,5.0A,8,5.0A,715.185163,2.0811e-05
1,5.0A,8,5.0A,715.185164,0.000516644
0,5.0A,8,5.0A,715.185164,9.502e-06
4,5.0A,9,5.0A,715.206601,7.609e-06
3,5.0A,9,5.0A,715.206601,1.2879e-05
2,5.0A,9,5.0A,715.206602,7.968e-06
1,5.0A,9,5.0A,715.206603,1.0467e-05
0,5.0A,9,5.0A,715.206603,0.000582439
1,5.0A,10,5.0A,715.376,8.5077e-05
0,5.0A,10,5.0A,715.376,9.4902e-05
4,5.0A,11,5.0A,715.37869,1.0311e-05
2,5.0A,11,5.0A,715.378691,1.9997e-05
1,5.0A,11,5.0A,715.378692,9.9467e-05
0,5.0A,11,5.0A,715.378692,7.4149e-05
3,5.0A,12,5.0A,715.89184,1.2558e-05
1,5.0A,12,5.0A,715.891841,6.897e-06
4,5.0A,13,5.0A,715.898465,2.9343e-05
3,5.0A,13,5.0A,715.898465,1.1561e-05
2,5.0A,13,5.0A,715.898466,3.9404e-05
0,5.0A,13,5.0A,715.898467,1.8528e-05
4,5.0A,14,5.0A,716.114604,0.000576932
3,5.0A,14,5.0A,716.114604,8.1686e-05
2,5.0A,14,5.0A,716.114604,3.115e-06
1,5.0A,14,5.0A,716.114605,0.000443393
0,5.0A,14,5.0A,716.114605,0.00171447
4,5.0A,15,5.0A,716.135494,2.893e-06
3,5.0A,15,5.0A,716.135494,0.000563106
2,5.0A,15,5.0A,716.135494,0.002120411
1,5.0A,15,5.0A,716.135495,0.000359196
0,5.0A,15,5.0A,716.135495,7.545e-06
4,5.0A,16,5.0A,716.1556,0.000546856
3,5.0A,16,5.0A,716.155601,3.883e-06
2,5.0A,16,5.0A,716.155601,0.000143973
1,5.0A,16,5.0A,716.155602,0.001004693
0,5.0A,16,5.0A,716.155602,0.001505505
4,5.0A,17,5.0A,716.202367,4.026e-06
3,5.0A,17,5.0A,716.202367,0.001818091
2,5.0A,17,5.0A,716.202368,0.000531989
1,5.0A,17,5.0A,716.202369,9e-06
0,5.0A,17,5.0A,716.202369,1.13e-06
4,5.0A,18,5.0A,716.231824,0.001741886
3,5.0A,18,5.0A,716.231825,2.567e-06
2,5.0A,18,5.0A,716.231825,4.081e-06
1,5.0A,18,5.0A,716.231826,0.001783025
0,5.0A,18,5.0A,716.231826,0.000493822
4,5.0A,19,5.0A,716.246183,0.002142445
3,5.0A,19,5.0A,716.246183,6.846e-05
2,5.0A,19,5.0A,716.246183,3.57e-06
1,5.0A,19,5.0A,716.246184,0.002041878
0,5.0A,19,5.0A,716.246184,0.000576483
4,5.0A,20,5.0A,716.257566,5.9681e-05
3,5.0A,20,5.0A,716.257567,0.002771816
2,5.0A,20,5.0A,716.257567,0.002217419
1,5.0A,20,5.0A,716.257568,6.754e-06
0,5.0A,20,5.0A,716.257568,0.000158061
4,5.0A,21,5.0A,716.661883,0.012804513
3,5.0A,21,5.0A,716.661883,0.002007412
2,5.0A,21,5.0A,716.661884,0.001625309
1,5.0A,21,5.0A,716.661885,3.495e-06
0,5.0A,21,5.0A,716.661885,2.74e-06
4,5.0A,22,5.0A,716.671476,0.002118699
3,5.0A,22,5.0A,716.671476,0.012119609
2,5.0A,22,5.0A,716.671476,5.4157e-05
1,5.0A,22,5.0A,716.671477,0.000303997
0,5.0A,22,5.0A,716.671477,0.000578609
4,5.0A,23,5.0A,716.691046,0.001684714
3,5.0A,23,5.0A,716.691046,5.5452e-05
2,5.0A,23,5.0A,716.691047,0.012062184
1,5.0A,23,5.0A,716.691048,0.000215568
0,5.0A,23,5.0A,716.691048,0.001242548
4,5.0A,24,5.0A,716.744006,3.069e-06
3,5.0A,24,5.0A,716.744006,0.000394682
2,5.0A,24,5.0A,716.744006,0.00035036
1,5.0A,24,5.0A,716.744007,0.009635413
0,5.0A,24,5.0A,716.744007,0.000176309
4,5.0A,25,5.0A,716.760915,5.227e-06
3,5.0A,25,5.0A,716.760915,0.000664564
2,5.0A,25,5.0A,716.760915,0.001276768
1,5.0A,25,5.0A,716.760916,0.000187294
0,5.0A,25,5.0A,716.760916,0.010232235
4,5.0A,26,5.0A,717.407543,2.4547e-05
3,5.0A,26,5.0A,717.407543,0.000435278
2,5.0A,26,5.0A,717.407543,4.734e-06
1,5.0A,26,5.0A,717.407544,0.00403358
0,5.0A,26,5.0A,717.407544,0.005254511
4,5.0A,27,5.0A,717.408336,0.00012083
3,5.0A,27,5.0A,717.408336,5.467e-06
2,5.0A,27,5.0A,717.408336,0.000491179
1,5.0A,27,5.0A,717.408337,0.004083339
0,5.0A,27,5.0A,717.408337,0.005306965
4,5.0A,28,5.0A,717.44484,6.937e-06
3,5.0A,28,5.0A,717.44484,0.003668164
2,5.0A,28,5.0A,717.44484,0.003412415
1,5.0A,28,5.0A,717.444841,9.13e-06
0,5.0A,28,5.0A,717.444841,2.108e-06
4,5.0A,29,5.0A,717.471597,0.001786156
3,5.0A,29,5.0A,717.471597,0.005471223
2,5.0A,29,5.0A,717.471597,0.005548085
1,5.0A,29,5.0A,717.471598,3.351e-06
0,5.0A,29,5.0A,717.471598,8.313e-06
4,5.0A,30,5.0A,717.480869,0.007549156
3,5.0A,30,5.0A,717.480869,1.2309e-05
2,5.0A,30,5.0A,717.480869,0.000881142
1,5.0A,30,5.0A,717.48087,0.002131575
0,5.0A,30,5.0A,717.48087,9.3186e-05
4,5.0A,31,5.0A,717.481991,0.006641457
3,5.0A,31,5.0A,717.481991,0.001093863
2,5.0A,31,5.0A,717.481991,1.1196e-05
1,5.0A,31,5.0A,717.481992,0.002377255
0,5.0A,31,5.0A,717.481992,0.000548803
4,5.0A,32,5.0A,717.486398,9.184e-06
3,5.0A,32,5.0A,717.486398,0.004787545
2,5.0A,32,5.0A,717.486399,0.00448278
1,5.0A,32,5.0A,717.4864,0.000797862
0,5.0A,32,5.0A,717.4864,1.7625e-05
4,5.0A,33,4.4A,717.758404,6.725e-06
3,5.0A,33,4.4A,717.758405,0.002139714
2,5.0A,33,4.4A,717.758405,0.002856688
1,5.0A,33,4.4A,717.758406,1.3758e-05
0,5.0A,33,4.4A,717.758406,2.865e-06
4,5.0A,34,4.4A,717.771945,0.001328145
3,5.0A,34,4.4A,717.771945,0.001466334
2,5.0A,34,4.4A,717.771945,1.1387e-05
1,5.0A,34,4.4A,717.771946,0.001439342
0,5.0A,34,4.4A,717.771946,0.002945292
4,5.0A,35,4.4A,717.774588,0.001614317
3,5.0A,35,4.4A,717.774588,1.6649e-05
2,5.0A,35,4.4A,717.774588,0.001488471
1,5.0A,35,4.4A,717.774589,0.001605681
0,5.0A,35,4.4A,717.774589,0.001816637
4,5.0A,36,4.4A,717.78882,6.039e-06
3,5.0A,36,4.4A,717.788821,0.000448551
2,5.0A,36,4.4A,717.788821,0.000509265
1,5.0A,36,4.4A,717.788822,0.008373832
0,5.0A,36,4.4A,717.788822,0.000155522
4,5.0A,37,4.4A,717.803122,0.000102587
3,5.0A,37,4.4A,717.803122,0.000335194
2,5.0A,37,4.4A,717.803123,0.000207482
1,5.0A,37,4.4A,717.803123,0.000171379
0,5.0A,37,4.4A,717.803124,0.009097322
4,5.0A,38,4.1A,718.04659,0.000177837
3,5.0A,38,4.1A,718.04659,1.851e-06
2,5.0A,38,4.1A,718.04659,0.000165087
1,5.0A,38,4.1A,718.046591,0.002308227
0,5.0A,38,4.1A,718.046591,0.001341373
4,5.0A,39,4.1A,718.056135,9.103e-06
3,5.0A,39,4.1A,718.056135,0.000266947
2,5.0A,39,4.1A,718.056135,2.455e-06
1,5.0A,39,4.1A,718.056136,0.001585924
0,5.0A,39,4.1A,718.056136,0.002149967
3,5.0A,40,4.1A,718.057133,0.001103863
2,5.0A,40,4.1A,718.057133,0.001272018
1,5.0A,40,4.1A,718.057134,2.9423e-05
0,5.0A,40,4.1A,718.057134,4.738e-06
4,5.0A,41,4.4A,718.268595,5.7326e-05
3,5.0A,41,4.4A,718.268595,2.3574e-05
2,5.0A,41,4.4A,718.268596,1.748e-06
1,5.0A,41,4.4A,718.268597,0.002439091
0,5.0A,41,4.4A,718.268597,0.002063137
4,5.0A,42,4.4A,718.27418,2.0442e-05
3,5.0A,42,4.4A,718.27418,1.663e-06
2,5.0A,42,4.4A,718.274181,2.173e-06
1,5.0A,42,4.4A,718.274182,0.00208899
0,5.0A,42,4.4A,718.274182,0.002432853
4,5.0A,43,4.4A,718.398747,2.284e-06
3,5.0A,43,4.4A,718.398747,0.000634673
2,5.0A,43,4.4A,718.398747,0.000459756
1,5.0A,43,4.4A,718.398748,0.004313245
0,5.0A,43,4.4A,718.398748,7.9191e-05
4,5.0A,44,4.4A,718.427029,8.617e-06
3,5.0A,44,4.4A,718.427029,0.000761934
2,5.0A,44,4.4A,718.427029,0.000566114
1,5.0A,44,4.4A,718.42703,7.2352e-05
0,5.0A,44,4.4A,718.42703,0.003949071
4,5.0A,45,4.3A,718.613681,0.000162244
3,5.0A,45,4.3A,718.613681,2.8702e-05
2,5.0A,45,4.3A,718.613681,0.005908775
1,5.0A,45,4.3A,718.613682,0.00019481
0,5.0A,45,4.3A,718.613682,0.000133367
4,5.0A,46,4.3A,718.689572,0.000121082
3,5.0A,46,4.3A,718.689572,0.005380001
2,5.0A,46,4.3A,718.689572,2.5172e-05
1,5.0A,46,4.3A,718.689573,0.000242152
0,5.0A,46,4.3A,718.689573,8.3272e-05
4,5.0A,47,4.2A,718.795754,0.002388144
3,5.0A,47,4.2A,718.795754,0.00011162
2,5.0A,47,4.2A,718.795755,0.000267094
4,5.0A,48,4.0A,719.065995,0.004238821
3,5.0A,48,4.0A,719.065995,1.1963e-05
2,5.0A,48,4.0A,719.065995,2.0303e-05
0,5.0A,48,4.0A,719.065996,3.0193e-05
4,5.0A,49,3.7A,719.097639,0.000258955
3,5.0A,49,3.7A,719.09764,2.812e-06
2,5.0A,49,3.7A,719.09764,0.000378001
1,5.0A,49,3.7A,719.097641,0.000198192
0,5.0A,49,3.7A,719.097641,3.3958e-05
3,5.0A,50,3.8A,719.101635,0.000372653
2,5.0A,50,3.8A,719.101635,0.000443987
1,5.0A,50,3.8A,719.101636,1.313e-06
4,5.0A,51,3.7A,719.113824,0.000228091
3,5.0A,51,3.7A,719.113824,0.000522027
2,5.0A,51,3.7A,719.113825,2.707e-06
1,5.0A,51,3.7A,719.113826,0.000124874
0,5.0A,51,3.7A,719.113826,5.551e-06
4,5.0A,52,3.7A,719.411058,7.2788e-05
3,5.0A,52,3.7A,719.411058,0.00055705
2,5.0A,52,3.7A,719.411058,0.000639975
1,5.0A,52,3.7A,719.411059,1.2882e-05
0,5.0A,52,3.7A,719.411059,0.000630426
3,5.0A,53,3.4A,719.606066,1.1558e-05
1,5.0A,53,3.4A,719.606067,0.00084003
0,5.0A,53,3.4A,719.606067,1.5404e-05
3,5.0A,54,3.8A,719.68304,0.000220398
2,5.0A,54,3.8A,719.683041,0.000201597
1,5.0A,54,3.8A,719.683042,2.175e-06
4,5.0A,55,3.8A,719.844989,0.001298452
3,5.0A,55,3.8A,719.84499,1.799e-06
2,5.0A,55,3.8A,719.84499,0.000219924
1,5.0A,55,3.8A,719.844991,0.000152622
0,5.0A,55,3.8A,719.844991,0.000808175
4,5.0A,56,3.8A,719.863455,0.001560222
3,5.0A,56,3.8A,719.863455,6.9586e-05
1,5.0A,56,3.8A,719.863457,0.000222049
0,5.0A,56,3.8A,719.863457,0.000378545
3,5.0A,57,3.2A,720.15982,0.000351541
2,5.0A,57,3.2A,720.159821,0.000331811
4,5.0A,58,3.8A,720.270682,0.002367189
3,5.0A,58,3.8A,720.270682,0.001753965
2,5.0A,58,3.8A,720.270682,0.001481836
1,5.0A,58,3.8A,720.270683,2.584e-06
0,5.0A,58,3.8A,720.270683,2.7033e-05
4,5.0A,59,3.6A,720.396757,0.001306069
3,5.0A,59,3.6A,720.396757,0.003658106
2,5.0A,59,3.6A,720.396758,2.0705e-05
1,5.0A,59,3.6A,720.396759,0.000463261
0,5.0A,59,3.6A,720.396759,0.000296932
4,5.0A,60,3.4A,720.459764,0.000289098
3,5.0A,60,3.4A,720.459764,1.3193e-05
2,5.0A,60,3.4A,720.459765,0.002787225
1,5.0A,60,3.4A,720.459766,0.000567813
0,5.0A,60,3.4A,720.459766,0.000454629
4,5.0A,61,3.3A,720.563351,0.00084484
3,5.0A,61,3.3A,720.563351,2.751e-06
2,5.0A,61,3.3A,720.563352,0.000513949
1,5.0A,61,3.3A,720.563353,1.908e-06
0,5.0A,61,3.3A,720.563353,6.944e-05
4,5.0A,62,3.1A,720.600153,0.000423446
3,5.0A,62,3.1A,720.600153,6.007e-06
1,5.0A,62,3.1A,720.600154,8.3009e-05
0,5.0A,62,3.1A,720.600155,2.3249e-05
3,5.0A,63,3.3A,720.762549,0.000382687
2,5.0A,63,3.3A,720.76255,0.000486562
1,5.0A,63,3.3A,720.762551,0.000636967
0,5.0A,63,3.3A,720.762551,1.2321e-05
4,5.0A,64,3.5A,720.807401,5.4619e-05
3,5.0A,64,3.5A,720.807401,0.001774012
2,5.0A,64,3.5A,720.807401,0.001715786
1,5.0A,64,3.5A,720.807402,2.7846e-05
0,5.0A,64,3.5A,720.807402,0.001385418
3,5.0A,65,3.2A,720.964632,7.0719e-05
2,5.0A,65,3.2A,720.964633,3.892e-05
1,5.0A,65,3.2A,720.964634,2.492e-06
4,5.0A,66,3.7A,721.162132,0.000426257
3,5.0A,66,3.7A,721.162132,1.3454e-05
2,5.0A,66,3.7A,721.162133,1.0527e-05
0,5.0A,66,3.7A,721.162134,1.2933e-05
2,5.0A,67,3.0A,721.210756,2.043e-06
4,5.0A,68,3.0A,721.216269,8.497e-06
3,5.0A,68,3.0A,721.216269,1.8864e-05
1,5.0A,68,3.0A,721.21627,1.129e-06
0,5.0A,68,3.0A,721.21627,1.181e-06
4,5.0A,69,3.2A,721.291379,1.179e-06
3,5.0A,69,3.2A,721.29138,0.000434121
2,5.0A,69,3.2A,721.29138,0.00047039
1,5.0A,69,3.2A,721.291381,0.00111857
0,5.0A,69,3.2A,721.291381,2.0807e-05
3,5.0A,70,3.1A,721.371135,1.0061e-05
2,5.0A,70,3.1A,721.371135,3.4552e-05
1,5.0A,70,3.1A,721.371136,2.496e-06
4,5.0A,71,3.1A,721.450511,6.243e-06
3,5.0A,71,3.1A,721.450511,0.000170552
2,5.0A,71,3.1A,721.450512,0.000131933
1,5.0A,71,3.1A,721.450513,7.545e-06
0,5.0A,71,3.1A,721.450513,0.00040026
4,5.0A,72,3.1A,721.461541,0.000319799
2,5.0A,72,3.1A,721.461541,6.4215e-05
1,5.0A,72,3.1A,721.461542,4.796e-06
0,5.0A,72,3.1A,721.461542,8.77e-06
4,5.0A,73,3.1A,721.471368,0.000226771
3,5.0A,73,3.1A,721.471368,4.0285e-05
1,5.0A,73,3.1A,721.471369,6.734e-06
0,5.0A,73,3.1A,721.471369,5.8025e-05
4,5.0A,74,3.1A,721.570274,0.001179393
3,5.0A,74,3.1A,721.570274,0.000235124
2,5.0A,74,3.1A,721.570275,0.000324472
0,5.0A,74,3.1A,721.570276,4.6524e-05
4,5.0A,75,3.2A,721.674494,0.000508854
3,5.0A,75,3.2A,721.674494,1.669e-06
2,5.0A,75,3.2A,721.674494,0.000134645
1,5.0A,75,3.2A,721.674495,6.0539e-05
0,5.0A,75,3.2A,721.674495,3.1946e-05
4,5.0A,76,3.2A,721.713795,1.26e-06
3,5.0A,76,3.2A,721.713795,9.565e-05
2,5.0A,76,3.2A,721.713796,0.000105416
1,5.0A,76,3.2A,721.713797,0.001035824
0,5.0A,76,3.2A,721.713797,1.8834e-05
4,5.0A,77,3.2A,721.720766,0.000560965
3,5.0A,77,3.2A,721.720766,9.1103e-05
2,5.0A,77,3.2A,721.720766,1.324e-06
1,5.0A,77,3.2A,721.720767,8.4145e-05
0,5.0A,77,3.2A,721.720767,2.551e-06
4,5.0A,78,3.2A,721.833757,2.7459e-05
3,5.0A,78,3.2A,721.833758,0.000194885
2,5.0A,78,3.2A,721.833758,0.00015803
1,5.0A,78,3.2A,721.833759,3.003e-05
0,5.0A,78,3.2A,721.833759,0.001591262
4,5.0A,79,3.2A,721.999095,1.865e-06
3,5.0A,79,3.2A,721.999095,0.000337003
2,5.0A,79,3.2A,721.999095,0.000354319
1,5.0A,79,3.2A,721.999096,0.000547714
0,5.0A,79,3.2A,721.999096,1.0154e-05
4,5.0A,80,3.2A,722.036731,0.000544151
3,5.0A,80,3.2A,722.036731,0.000537978
2,5.0A,80,3.2A,722.036732,1.854e-06
1,5.0A,80,3.2A,722.036733,1.3572e-05
0,5.0A,80,3.2A,722.036733,5.207e-06
4,5.0A,81,3.2A,722.038735,0.000459066
3,5.0A,81,3.2A,722.038735,3.19e-06
2,5.0A,81,3.2A,722.038736,0.000524468
1,5.0A,81,3.2A,722.038737,3.0215e-05
0,5.0A,81,3.2A,722.038737,3.6178e-05
4,5.0A,82,3.0A,722.041836,1.67e-06
3,5.0A,82,3.0A,722.041836,6.597e-06
2,5.0A,82,3.0A,722.041836,1.9443e-05
1,5.0A,82,3.0A,722.041837,1.898e-06
4,5.0A,83,3.1A,722.15117,4.7008e-05
3,5.0A,83,3.1A,722.151171,1.709e-06
2,5.0A,83,3.1A,722.151171,0.000279604
1,5.0A,83,3.1A,722.151172,0.000289173
0,5.0A,83,3.1A,722.151172,0.000107971
4,5.0A,84,3.1A,722.178236,5.8079e-05
3,5.0A,84,3.1A,722.178237,0.000355861
2,5.0A,84,3.1A,722.178237,1.802e-06
1,5.0A,84,3.1A,722.178238,0.000292331
0,5.0A,84,3.1A,722.178238,0.000115725
4,5.0A,85,3.1A,722.28809,0.000103014
3,5.0A,85,3.1A,722.28809,9.9409e-05
2,5.0A,85,3.1A,722.28809,3.9532e-05
0,5.0A,85,3.1A,722.288091,2.521e-06
3,5.0A,86,3.0A,722.501073,3.138e-06
1,5.0A,86,3.0A,722.501074,5.334e-06
4,5.0A,87,3.1A,722.556006,1.084e-06
3,5.0A,87,3.1A,722.556006,0.000228997
2,5.0A,87,3.1A,722.556006,0.000334293
1,5.0A,87,3.1A,722.556007,2.393e-06
0,5.0A,87,3.1A,722.556007,0.000119594
4,5.0A,88,3.0A,722.634776,5.0935e-05
0,5.0A,88,3.0A,722.634778,6.859e-06
4,5.0A,89,3.0A,722.651065,8.12e-05
1,5.0A,89,3.0A,722.651067,3.85e-06
0,5.0A,89,3.0A,722.651067,5.536e-06
3,5.0A,90,3.0A,722.758086,8.923e-06
2,5.0A,90,3.0A,722.758086,7.191e-06
1,5.0A,90,3.0A,722.758087,7.9846e-05
0,5.0A,90,3.0A,722.758087,1.486e-06
4,5.0A,91,3.3A,722.790502,3.0291e-05
3,5.0A,91,3.3A,722.790503,0.000117971
2,5.0A,91,3.3A,722.790503,3.0885e-05
0,5.0A,91,3.3A,722.790504,3.858e-06
4,5.0A,92,3.6A,724.065759,0.001776924
3,5.0A,92,3.6A,724.065759,1.261e-06
2,5.0A,92,3.6A,724.06576,1.0792e-05
1,5.0A,92,3.6A,724.06576,0.001483772
0,5.0A,92,3.6A,724.06576,0.000766187
4,5.0A,93,3.6A,724.086518,0.002202491
3,5.0A,93,3.6A,724.086518,6.198e-06
2,5.0A,93,3.6A,724.086519,2.066e-06
1,5.0A,93,3.6A,724.08652,0.001527637
0,5.0A,93,3.6A,724.08652,0.000342148
4,5.0A,94,4.1A,724.483237,1.0367e-05
3,5.0A,94,4.1A,724.483237,0.004086208
2,5.0A,94,4.1A,724.483238,0.004239435
1,5.0A,94,4.1A,724.483239,2.963e-06
0,5.0A,94,4.1A,724.483239,9.857e-06
4,5.0A,95,3.5A,725.254381,3.817e-06
3,5.0A,95,3.5A,725.254382,0.001175613
2,5.0A,95,3.5A,725.254382,0.00114766
4,5.0A,96,3.5A,725.42335,0.000132288
3,5.0A,96,3.5A,725.42335,8.576e-06
2,5.0A,96,3.5A,725.42335,0.001935338
1,5.0A,96,3.5A,725.423351,0.000266045
0,5.0A,96,3.5A,725.423351,0.000785466
4,5.0A,97,3.5A,725.477204,0.000280663
3,5.0A,97,3.5A,725.477204,0.001922658
2,5.0A,97,3.5A,725.477205,1.6141e-05
1,5.0A,97,3.5A,725.477206,0.000332406
0,5.0A,97,3.5A,725.477206,0.000553096
4,5.0A,98,4.2A,725.552403,0.000234979
3,5.0A,98,4.2A,725.552403,1.663e-06
2,5.0A,98,4.2A,725.552403,4.4334e-05
1,5.0A,98,4.2A,725.552404,0.002784791
0,5.0A,98,4.2A,725.552404,0.005189312
4,5.0A,99,4.2A,725.558615,0.000981623
3,5.0A,99,4.2A,725.558615,5.4911e-05
2,5.0A,99,4.2A,725.558615,4.6226e-05
1,5.0A,99,4.2A,725.558616,0.002755324
0,5.0A,99,4.2A,725.558616,0.004441743
4,5.0A,100,3.9A,725.621936,0.004149666
3,5.0A,100,3.9A,725.621936,0.001333275
2,5.0A,100,3.9A,725.621936,0.001234591
1,5.0A,100,3.9A,725.621937,0.000121873
0,5.0A,100,3.9A,725.621937,0.00013154
4,5.0A,101,3.2A,726.66541,9.6584e-05
3,5.0A,101,3.2A,726.665411,7.0223e-05
2,5.0A,101,3.2A,726.665411,0.001721542
1,5.0A,101,3.2A,726.665412,0.000283907
0,5.0A,101,3.2A,726.665412,0.000222152
4,5.0A,102,3.2A,726.672789,0.000141553
3,5.0A,102,3.2A,726.672789,0.001442477
2,5.0A,102,3.2A,726.67279,7.3359e-05
1,5.0A,102,3.2A,726.672791,0.000155942
0,5.0A,102,3.2A,726.672791,0.00018231
4,5.0A,103,3.9A,727.28235,2.204e-06
3,5.0A,103,3.9A,727.28235,0.001054479
2,5.0A,103,3.9A,727.28235,0.001118976
1,5.0A,103,3.9A,727.282351,1.6966e-05
0,5.0A,103,3.9A,727.282351,1.225e-06
4,5.0A,104,3.9A,727.703176,0.000302588
3,5.0A,104,3.9A,727.703176,8.52e-06
2,5.0A,104,3.9A,727.703176,0.001256314
1,5.0A,104,3.9A,727.703177,0.002845588
0,5.0A,104,3.9A,727.703177,0.000101265
4,5.0A,105,3.9A,727.717899,0.000364588
3,5.0A,105,3.9A,727.717899,0.001356396
2,5.0A,105,3.9A,727.717899,1.1714e-05
1,5.0A,105,3.9A,727.7179,0.002655475
0,5.0A,105,3.9A,727.7179,9.4794e-05
4,5.0A,106,3.3A,727.747646,0.000124657
3,5.0A,106,3.3A,727.747646,3.9126e-05
2,5.0A,106,3.3A,727.747646,0.000803376
1,5.0A,106,3.3A,727.747647,4.395e-05
0,5.0A,106,3.3A,727.747647,0.000261007
4,5.0A,107,3.4A,727.813408,7.996e-05
3,5.0A,107,3.4A,727.813409,0.000917942
2,5.0A,107,3.4A,727.813409,0.000134485
1,5.0A,107,3.4A,727.81341,9.961e-06
0,5.0A,107,3.4A,727.81341,0.000179646
4,5.0A,108,3.7A,728.29025,0.000617776
3,5.0A,108,3.7A,728.29025,3.105e-06
2,5.0A,108,3.7A,728.290251,0.000206184
1,5.0A,108,3.7A,728.290251,1.7192e-05
0,5.0A,108,3.7A,728.290252,0.000694542
4,5.0A,109,3.7A,728.292157,0.000344642
3,5.0A,109,3.7A,728.292158,0.000161329
2,5.0A,109,3.7A,728.292158,1.877e-06
1,5.0A,109,3.7A,728.292159,1.7391e-05
0,5.0A,109,3.7A,728.292159,0.001041827
4,5.0A,110,3.5A,728.381419,1.7178e-05
3,5.0A,110,3.5A,728.381419,0.000239607
2,5.0A,110,3.5A,728.381419,0.000351773
0,5.0A,110,3.5A,728.38142,1.5784e-05
4,5.0A,111,4.2A,728.390003,0.003585837
3,5.0A,111,4.2A,728.390004,0.000695661
2,5.0A,111,4.2A,728.390004,0.00049058
0,5.0A,111,4.2A,728.390005,7.8083e-05
4,5.0A,112,3.8A,728.460337,2.18e-06
3,5.0A,112,3.8A,728.460337,0.000800484
2,5.0A,112,3.8A,728.460337,0.000976672
1,5.0A,112,3.8A,728.460338,2.891e-06
4,5.0A,113,3.7A,728.926462,5.1616e-05
3,5.0A,113,3.7A,728.926462,0.000579604
2,5.0A,113,3.7A,728.926462,0.0004703
1,5.0A,113,3.7A,728.926463,2.9719e-05
0,5.0A,113,3.7A,728.926463,0.00150635
4,5.0A,114,3.7A,728.952908,3.192e-06
3,5.0A,114,3.7A,728.952909,0.000140952
2,5.0A,114,3.7A,728.952909,0.000407329
1,5.0A,114,3.7A,728.95291,0.001511888
0,5.0A,114,3.7A,728.95291,2.8243e-05
4,5.0A,115,3.6A,728.963158,0.000389245
3,5.0A,115,3.6A,728.963158,5.2e-06
2,5.0A,115,3.6A,728.963158,5.221e-06
1,5.0A,115,3.6A,728.963159,0.000313749
0,5.0A,115,3.6A,728.963159,3.0089e-05
4,5.0A,116,3.5A,728.965445,0.000324259
3,5.0A,116,3.5A,728.965445,5.514e-05
2,5.0A,116,3.5A,728.965445,2.117e-06
1,5.0A,116,3.5A,728.965446,0.000312343
0,5.0A,116,3.5A,728.965446,4.3303e-05
4,5.0A,117,3.9A,729.050502,0.00156599
3,5.0A,117,3.9A,729.050502,0.002731299
2,5.0A,117,3.9A,729.050503,1.3112e-05
1,5.0A,117,3.9A,729.050504,2.3375e-05
0,5.0A,117,3.9A,729.050504,9.712e-06
4,5.0A,118,3.6A,729.070547,3.352e-06
3,5.0A,118,3.6A,729.070547,0.000723186
2,5.0A,118,3.6A,729.070547,0.000225454
1,5.0A,118,3.6A,729.070548,6.0049e-05
0,5.0A,118,3.6A,729.070548,1.351e-06
4,5.0A,119,3.8A,729.088609,0.00137314
3,5.0A,119,3.8A,729.088609,1.2637e-05
2,5.0A,119,3.8A,729.08861,0.002476408
1,5.0A,119,3.8A,729.088611,2.5746e-05
0,5.0A,119,3.8A,729.088611,1.5097e-05
3,5.0A,120,3.1A,729.234884,2.2803e-05
2,5.0A,120,3.1A,729.234884,1.2033e-05
1,5.0A,120,3.1A,729.234885,2.649e-06
4,5.0A,121,3.5A,729.259014,0.002044675
3,5.0A,121,3.5A,729.259014,4.992e-06
2,5.0A,121,3.5A,729.259015,0.000273195
1,5.0A,121,3.5A,729.259016,0.00023275
0,5.0A,121,3.5A,729.259016,0.000144979
4,5.0A,122,3.5A,729.2717,0.001699088
3,5.0A,122,3.5A,729.2717,0.000138863
2,5.0A,122,3.5A,729.2717,3.281e-06
1,5.0A,122,3.5A,729.271701,0.000309901
0,5.0A,122,3.5A,729.271701,0.00046455
4,5.0A,123,3.7A,729.351664,1.072e-06
3,5.0A,123,3.7A,729.351664,0.000507558
2,5.0A,123,3.7A,729.351664,0.000508227
1,5.0A,123,3.7A,729.351665,0.001408693
0,5.0A,123,3.7A,729.351665,2.6031e-05
4,5.0A,124,3.4A,729.379925,0.000252367
3,5.0A,124,3.4A,729.379925,0.000498792
2,5.0A,124,3.4A,729.379925,3.153e-06
1,5.0A,124,3.4A,729.379926,0.00018326
0,5.0A,124,3.4A,729.379926,0.000944813
4,5.0A,125,3.4A,729.387512,0.00045958
3,5.0A,125,3.4A,729.387512,3.3e-06
2,5.0A,125,3.4A,729.387512,0.000606457
1,5.0A,125,3.4A,729.387513,0.00024695
0,5.0A,125,3.4A,729.387513,0.000657065
3,5.0A,126,3.5A,729.447119,0.000200671
2,5.0A,126,3.5A,729.447119,0.000327571
4,5.0A,127,3.4A,729.477686,0.000170109
3,5.0A,127,3.4A,729.477686,0.00058022
2,5.0A,127,3.4A,729.477686,0.000586727
3,5.0A,128,3.0A,729.537894,5.2743e-05
2,5.0A,128,3.0A,729.537895,4.2461e-05
1,5.0A,128,3.0A,729.537896,1.003e-06
0,5.0A,128,3.0A,729.537896,5.2064e-05
4,5.0A,129,3.8A,729.729634,5.313e-06
3,5.0A,129,3.8A,729.729635,0.002366709
2,5.0A,129,3.8A,729.729635,0.002264177
1,5.0A,129,3.8A,729.729636,0.001621684
0,5.0A,129,3.8A,729.729636,3.0826e-05
4,5.0A,130,3.4A,729.925263,0.001887667
3,5.0A,130,3.4A,729.925263,1.9678e-05
2,5.0A,130,3.4A,729.925264,1.6e-06
0,5.0A,130,3.4A,729.925265,1.868e-06
3,5.0A,131,3.5A,730.067791,0.000281958
2,5.0A,131,3.5A,730.067791,0.000330831
1,5.0A,131,3.5A,730.067792,6.2515e-05
0,5.0A,131,3.5A,730.067792,0.003393173
4,5.0A,132,3.3A,730.139539,3.396e-06
3,5.0A,132,3.3A,730.13954,0.000239477
2,5.0A,132,3.3A,730.13954,1.074e-06
1,5.0A,132,3.3A,730.139541,0.00020634
0,5.0A,132,3.3A,730.139541,0.000386321
4,5.0A,133,3.4A,730.156376,8.982e-06
3,5.0A,133,3.4A,730.156377,1.586e-06
2,5.0A,133,3.4A,730.156377,0.000281285
1,5.0A,133,3.4A,730.156378,0.000283775
0,5.0A,133,3.4A,730.156378,0.000302933
3,5.0A,134,3.3A,730.343088,5.2286e-05
2,5.0A,134,3.3A,730.343088,0.000120746
1,5.0A,134,3.3A,730.343089,0.000394744
0,5.0A,134,3.3A,730.343089,7.315e-06
3,5.0A,135,3.3A,730.388629,6.0338e-05
2,5.0A,135,3.3A,730.388629,4.1193e-05
1,5.0A,135,3.3A,730.38863,0.000714104
0,5.0A,135,3.3A,730.38863,1.3175e-05
4,5.0A,136,3.3A,730.506495,1.1961e-05
3,5.0A,136,3.3A,730.506495,0.000313949
2,5.0A,136,3.3A,730.506496,1.456e-06
1,5.0A,136,3.3A,730.506497,7.979e-06
0,5.0A,136,3.3A,730.506497,4.692e-06
4,5.0A,137,3.3A,730.541651,5.512e-06
3,5.0A,137,3.3A,730.541651,1.286e-06
2,5.0A,137,3.3A,730.541651,0.000259615
1,5.0A,137,3.3A,730.541652,2.994e-06
3,5.0A,138,3.3A,730.649357,6.1026e-05
2,5.0A,138,3.3A,730.649357,0.000127786
1,5.0A,138,3.3A,730.649358,2.028e-06
4,5.0A,139,3.5A,730.733548,0.000666652
3,5.0A,139,3.5A,730.733548,0.000179529
2,5.0A,139,3.5A,730.733549,0.000148987
1,5.0A,139,3.5A,730.73355,1.357e-06
0,5.0A,139,3.5A,730.73355,6.478e-05
4,5.0A,140,3.5A,730.806573,5.4496e-05
3,5.0A,140,3.5A,730.806573,2.277e-06
2,5.0A,140,3.5A,730.806574,1.136e-06
1,5.0A,140,3.5A,730.806575,0.000486198
0,5.0A,140,3.5A,730.806575,0.000779726
4,5.0A,141,3.5A,730.830354,0.000193221
3,5.0A,141,3.5A,730.830354,1.125e-06
1,5.0A,141,3.5A,730.830355,0.000533557
0,5.0A,141,3.5A,730.830355,0.000631484
4,5.0A,142,3.4A,730.93341,0.000100131
3,5.0A,142,3.4A,730.93341,3.2262e-05
1,5.0A,142,3.4A,730.933412,3.8503e-05
0,5.0A,142,3.4A,730.933412,0.001992189
4,5.0A,143,3.5A,731.158239,0.000101698
3,5.0A,143,3.5A,731.158239,6.007e-06
2,5.0A,143,3.5A,731.158239,0.001230186
1,5.0A,143,3.5A,731.15824,4.6904e-05
0,5.0A,143,3.5A,731.15824,1.6334e-05
4,5.0A,144,3.5A,731.220524,0.000132332
3,5.0A,144,3.5A,731.220524,0.00124521
2,5.0A,144,3.5A,731.220524,5.877e-06
1,5.0A,144,3.5A,731.220525,4.9217e-05
0,5.0A,144,3.5A,731.220525,2.011e-06
3,5.0A,145,3.5A,731.356539,8.4841e-05
2,5.0A,145,3.5A,731.35654,1.3953e-05
1,5.0A,145,3.5A,731.356541,0.0025821
0,5.0A,145,3.5A,731.356541,4.7584e-05
3,5.0A,146,3.5A,731.460821,0.000335744
2,5.0A,146,3.5A,731.460821,0.000468015
1,5.0A,146,3.5A,731.460822,0.0002706
0,5.0A,146,3.5A,731.460822,5.321e-06
4,5.0A,147,3.2A,731.76224,1.1379e-05
3,5.0A,147,3.2A,731.76224,2.6586e-05
2,5.0A,147,3.2A,731.76224,2.6088e-05
1,5.0A,147,3.2A,731.762241,2.043e-05
0,5.0A,147,3.2A,731.762241,0.001095951
3,5.0A,148,3.1A,732.607928,4.4663e-05
2,5.0A,148,3.1A,732.607929,4.1129e-05
4,5.0A,149,3.0A,732.708615,4.5263e-05
3,5.0A,149,3.0A,732.708615,2.4428e-05
2,5.0A,149,3.0A,732.708615,2.9745e-05
0,5.0A,149,3.0A,732.708616,1.697e-06
4,5.0A,150,3.0A,732.753987,9.241e-06
2,5.0A,150,3.0A,732.753988,0.000198992
1,5.0A,150,3.0A,732.753989,7.7987e-05
0,5.0A,150,3.0A,732.753989,3.8197e-05
4,5.0A,151,3.0A,732.777708,1.6037e-05
3,5.0A,151,3.0A,732.777708,0.000196565
1,5.0A,151,3.0A,732.777709,8.1199e-05
0,5.0A,151,3.0A,732.777709,2.7366e-05
3,5.0A,152,3.0A,733.148279,1.5606e-05
2,5.0A,152,3.0A,733.148279,1.115e-05
1,5.0A,152,3.0A,733.14828,6.6705e-05
0,5.0A,152,3.0A,733.14828,1.28e-06
4,5.0A,153,3.0A,733.167456,0.000107851
2,5.0A,153,3.0A,733.167457,1.1162e-05
1,5.0A,153,3.0A,733.167458,5.2385e-05
0,5.0A,153,3.0A,733.167458,6.43e-06
4,5.0A,154,3.0A,733.217757,0.000103343
3,5.0A,154,3.0A,733.217758,1.0314e-05
1,5.0A,154,3.0A,733.217759,5.3389e-05
0,5.0A,154,3.0A,733.217759,2.2776e-05
4,5.0A,164,5.6A,737.987196,1.399e-06
1,5.0A,164,5.6A,737.987197,0.000193159
0,5.0A,164,5.6A,737.987198,0.000184013
4,5.0A,165,5.6A,737.987201,1.277e-06
1,5.0A,165,5.6A,737.987202,0.000185555
0,5.0A,165,5.6A,737.987202,0.000191941
3,5.0A,166,5.5A,738.004502,0.000132706
2,5.0A,166,5.5A,738.004502,0.000131408
1,5.0A,166,5.5A,738.004503,6.4386e-05
0,5.0A,166,5.5A,738.004503,1.383e-06
3,5.0A,167,5.5A,738.004705,0.000111888
2,5.0A,167,5.5A,738.004705,0.000155374
1,5.0A,167,5.5A,738.004706,1.386e-06
0,5.0A,167,5.5A,738.004706,6.4905e-05
4,5.0A,168,5.5A,738.013999,0.000154263
2,5.0A,168,5.5A,738.013999,0.000111112
1,5.0A,168,5.5A,738.014,1.635e-05
0,5.0A,168,5.5A,738.014,2.2536e-05
4,5.0A,169,5.5A,738.016093,0.000174631
3,5.0A,169,5.5A,738.016093,0.000112284
1,5.0A,169,5.5A,738.016095,1.0864e-05
0,5.0A,169,5.5A,738.016095,7.531e-06
4,5.0A,170,5.5A,738.018598,0.00012833
3,5.0A,170,5.5A,738.018598,0.000105891
2,5.0A,170,5.5A,738.018598,6.2681e-05
0,5.0A,171,5.7A,738.945313,2.585e-06
1,5.0A,172,5.7A,738.945555,3.044e-06
3,5.0A,173,5.7A,738.964104,4.03e-06
1,5.0A,173,5.7A,738.964106,8.976e-06
2,5.0A,174,5.7A,738.970513,3.993e-06
0,5.0A,174,5.7A,738.970514,8.599e-06
4,5.0A,175,5.7A,738.98487,1.5614e-05
2,5.0A,175,5.7A,738.984871,8.48e-06
4,5.0A,176,5.7A,739.004974,1.3288e-05
3,5.0A,176,5.7A,739.004974,6.139e-06
4,5.0A,177,5.7A,739.014428,4.46e-06
3,5.0A,177,5.7A,739.014428,8.372e-06
2,5.0A,177,5.7A,739.014428,4.5e-06
3,5.0A,178,5.5A,739.206018,0.000128658
2,5.0A,178,5.5A,739.206018,0.000133166
4,5.0A,179,5.4A,739.276199,7.9148e-05
2,5.0A,179,5.4A,739.276199,4.775e-06
1,5.0A,179,5.4A,739.2762,9.7516e-05
0,5.0A,179,5.4A,739.2762,7.7143e-05
4,5.0A,180,5.4A,739.281107,4.7614e-05
3,5.0A,180,5.4A,739.281108,4.213e-06
1,5.0A,180,5.4A,739.281109,9.5363e-05
0,5.0A,180,5.4A,739.281109,0.00011594
3,5.0A,208,5.6A,739.954732,3.0834e-05
2,5.0A,208,5.6A,739.954732,3.6649e-05
1,5.0A,208,5.6A,739.954733,0.00013073
0,5.0A,208,5.6A,739.954733,2.409e-06
3,5.0A,209,5.6A,739.970321,3.1207e-05
2,5.0A,209,5.6A,739.970322,3.9676e-05
1,5.0A,209,5.6A,739.970323,2.585e-06
0,5.0A,209,5.6A,739.970323,0.00013823
4,5.0A,219,5.1A,740.221619,1.3986e-05
2,5.0A,219,5.1A,740.22162,0.000115261
1,5.0A,219,5.1A,740.221621,1.7405e-05
0,5.0A,219,5.1A,740.221621,1.8223e-05
4,5.0A,220,5.1A,740.236395,7.52e-06
3,5.0A,220,5.1A,740.236396,9.8712e-05
1,5.0A,220,5.1A,740.236397,6.572e-06
0,5.0A,220,5.1A,740.236397,6.553e-06
4,5.0A,221,5.1A,740.245753,7.2782e-05
3,5.0A,221,5.1A,740.245753,1.18e-06
3,5.0A,222,5.1A,740.263486,1.0795e-05
2,5.0A,222,5.1A,740.263486,1.0465e-05
0,5.0A,222,5.1A,740.263487,1.1283e-05
3,5.0A,223,5.1A,740.263547,1.0517e-05
2,5.0A,223,5.1A,740.263548,1.074e-05
1,5.0A,223,5.1A,740.263549,1.0936e-05
1,5.0A,224,5.1A,740.265394,1.1373e-05
0,5.0A,224,5.1A,740.265394,1.2597e-05
1,5.0A,225,5.1A,740.265421,1.2767e-05
0,5.0A,225,5.1A,740.265421,1.1276e-05
4,5.0A,226,5.1A,740.288758,5.0929e-05
2,5.0A,226,5.1A,740.288758,5.092e-06
1,5.0A,226,5.1A,740.288759,2.0226e-05
0,5.0A,226,5.1A,740.288759,3.0789e-05
4,5.0A,227,5.2A,740.30601,8.7177e-05
3,5.0A,227,5.2A,740.30601,2.4529e-05
1,5.0A,227,5.2A,740.306011,2.9761e-05
0,5.0A,227,5.2A,740.306011,1.7842e-05
4,5.0A,228,5.1A,740.359263,5.0768e-05
3,5.0A,228,5.1A,740.359264,8.6076e-05
2,5.0A,228,5.1A,740.359264,7.3126e-05
2,5.0A,229,5.0A,740.374377,1.36e-06
1,5.0A,229,5.0A,740.374378,8.736e-06
4,5.0A,230,5.0A,740.540142,3.708e-06
2,5.0A,230,5.0A,740.540142,4.642e-06
4,5.0A,231,5.0A,740.620429,3.167e-06
3,5.0A,231,5.0A,740.62043,3.399e-06
3,5.0A,234,5.0A,741.067268,3.173e-06
2,5.0A,234,5.0A,741.067269,3.064e-06
0,5.0A,238,5.0A,742.240536,1.429e-06
4,5.0A,239,5.0A,742.24578,4.895e-06
4,5.0A,240,5.0A,742.285817,5.424e-06
3,5.0A,241,5.0A,742.678673,1.121e-06
2,5.0A,241,5.0A,742.678673,2.165e-06
1,5.0A,241,5.0A,742.678674,2.848e-06
0,5.0A,242,5.0A,743.133036,1.424e-06
3,5.0A,243,5.0A,743.196227,5.701e-06
2,5.0A,243,5.0A,743.196228,6.84e-06
0,5.0A,244,5.0A,743.198523,2.408e-06
3,5.0A,245,5.0A,743.349978,5.975e-06
2,5.0A,245,5.0A,743.349978,7.416e-06
0,5.0A,245,5.0A,743.349979,1.0289e-05
3,5.0A,246,5.0A,743.453533,5.404e-06
2,5.0A,246,5.0A,743.453534,3.802e-06
1,5.0A,246,5.0A,743.453534,9.132e-06
1,5.0A,247,5.0A,743.496804,1.951e-06
0,5.0A,247,5.0A,743.496804,1.619e-06
1,5.0A,248,5.0A,743.548874,2.581e-06
0,5.0A,248,5.0A,743.548874,1.125e-06
4,5.0A,258,5.0A,743.918365,1.394e-06
3,5.0A,258,5.0A,743.918365,5.488e-06
4,5.0A,259,5.0A,743.967351,8.3835e-05
2,5.0A,259,5.0A,743.967352,1.4795e-05
1,5.0A,259,5.0A,743.967353,2.3615e-05
0,5.0A,259,5.0A,743.967353,1.3156e-05
4,5.0A,260,5.0A,744.01189,8.2785e-05
3,5.0A,260,5.0A,744.01189,1.7585e-05
1,5.0A,260,5.0A,744.011892,3.1163e-05
0,5.0A,260,5.0A,744.011892,4.0001e-05
3,5.0A,261,5.0A,744.041973,0.000109541
2,5.0A,261,5.0A,744.041973,0.000104377
3,5.0A,262,5.0A,744.111352,2.8805e-05
2,5.0A,262,5.0A,744.111353,3.0672e-05
1,5.0A,262,5.0A,744.111354,6.7984e-05
0,5.0A,262,5.0A,744.111354,1.571e-06
3,5.0A,263,5.0A,744.112487,2.9014e-05
2,5.0A,263,5.0A,744.112487,3.2111e-05
1,5.0A,263,5.0A,744.112488,1.658e-06
0,5.0A,263,5.0A,744.112488,7.0675e-05
4,5.0A,268,5.7A,744.135989,9.404e-06
2,5.0A,268,5.7A,744.135989,2.893e-06
1,5.0A,268,5.7A,744.13599,4.9e-06
0,5.0A,268,5.7A,744.13599,2.771e-06
4,5.0A,269,6.3A,744.136556,5.752e-06
2,5.0A,269,6.3A,744.136556,1.672e-06
1,5.0A,269,6.3A,744.136557,3.678e-06
0,5.0A,269,6.3A,744.136557,1.703e-06
4,5.0A,270,5.1A,744.142133,2.2283e-05
2,5.0A,270,5.1A,744.142133,5.032e-06
1,5.0A,270,5.1A,744.142134,9.412e-06
0,5.0A,270,5.1A,744.142134,6.426e-06
4,5.0A,273,5.1A,744.181383,1.0882e-05
3,5.0A,273,5.1A,744.181383,2.742e-06
1,5.0A,273,5.1A,744.181384,6.218e-06
0,5.0A,273,5.1A,744.181384,1.0804e-05
0,5.0A,307,6.9A,745.57078,1.643e-06
1,5.0A,308,6.9A,745.571,1.575e-06
2,5.0A,309,6.9A,745.573416,1.254e-06
3,5.0A,310,6.9A,745.573688,1.18e-06
3,5.0A,312,5.1A,745.617224,4.75e-06
2,5.0A,312,5.1A,745.617225,4.758e-06
0,5.0A,312,5.1A,745.617226,3.7347e-05
3,5.0A,313,5.2A,745.627446,4.824e-06
2,5.0A,313,5.2A,745.627446,4.966e-06
1,5.0A,313,5.2A,745.627447,3.9695e-05
4,5.0A,314,5.1A,745.630066,1.3305e-05
3,5.0A,314,5.1A,745.630067,6.351e-06
2,5.0A,314,5.1A,745.630067,3.513e-06
1,5.0A,314,5.1A,745.630068,4.771e-06
0,5.0A,314,5.1A,745.630068,5.291e-06
4,5.0A,315,5.1A,745.630165,1.4152e-05
3,5.0A,315,5.1A,745.630165,3.548e-06
2,5.0A,315,5.1A,745.630166,6.277e-06
1,5.0A,315,5.1A,745.630167,4.72e-06
0,5.0A,315,5.1A,745.630167,4.349e-06
3,5.0A,316,5.1A,745.631069,1.3923e-05
2,5.0A,316,5.1A,745.63107,1.3495e-05
0,5.0A,317,5.0A,745.867477,1.764e-06
0,5.0A,347,5.1A,747.393281,1.504e-06
2,5.0A,348,5.1A,747.42054,1.812e-06
1,5.0A,349,5.0A,747.466005,1.041e-06
0,5.0A,349,5.0A,747.466005,1.762e-06
4,5.0A,350,5.0A,747.74793,7.3677e-05
3,5.0A,350,5.0A,747.747931,6.8169e-05
2,5.0A,350,5.0A,747.747931,6.9125e-05
4,5.0A,351,5.0A,747.753665,3.9891e-05
3,5.0A,351,5.0A,747.753665,5.4222e-05
1,5.0A,351,5.0A,747.753666,7.5981e-05
0,5.0A,351,5.0A,747.753666,6.5956e-05
4,5.0A,352,5.0A,747.754412,1.9369e-05
2,5.0A,352,5.0A,747.754412,5.391e-05
1,5.0A,352,5.0A,747.754413,7.6998e-05
0,5.0A,352,5.0A,747.754413,8.4509e-05
3,5.0A,353,5.1A,747.875658,1.5337e-05
2,5.0A,353,5.1A,747.875659,1.0136e-05
3,5.0A,354,5.2A,747.893182,3.11e-06
2,5.0A,354,5.2A,747.893182,3.874e-06
4,5.0A,355,5.7A,748.078814,4.8161e-05
3,5.0A,355,5.7A,748.078815,5.6056e-05
2,5.0A,355,5.7A,748.078815,6.897e-06
1,5.0A,355,5.7A,748.078816,5.335e-06
0,5.0A,355,5.7A,748.078816,5.209e-06
4,5.0A,356,5.7A,748.078847,5.7741e-05
3,5.0A,356,5.7A,748.078847,4.4688e-05
2,5.0A,356,5.7A,748.078848,1.3087e-05
1,5.0A,356,5.7A,748.078849,2.556e-06
0,5.0A,356,5.7A,748.078849,2.403e-06
4,5.0A,357,5.8A,748.093517,2.6863e-05
2,5.0A,357,5.8A,748.093518,6.822e-05
1,5.0A,357,5.8A,748.093518,1.1938e-05
0,5.0A,357,5.8A,748.093518,1.2765e-05
3,5.0A,358,5.9A,748.150405,1.4119e-05
2,5.0A,358,5.9A,748.150405,2.4874e-05
1,5.0A,358,5.9A,748.150406,1.414e-06
0,5.0A,358,5.9A,748.150406,6.6828e-05
3,5.0A,359,5.9A,748.151709,1.3714e-05
2,5.0A,359,5.9A,748.151709,1.6526e-05
1,5.0A,359,5.9A,748.15171,6.8184e-05
0,5.0A,359,5.9A,748.15171,1.438e-06
4,5.0A,360,6.3A,748.185277,6.2706e-05
1,5.0A,360,6.3A,748.185278,8.38e-06
0,5.0A,360,6.3A,748.185278,2.289e-06
3,5.0A,361,6.3A,748.195213,4.371e-05
2,5.0A,361,6.3A,748.195214,1.6016e-05
4,5.0A,362,6.3A,748.205013,5.2624e-05
1,5.0A,362,6.3A,748.205014,1.2072e-05
0,5.0A,362,6.3A,748.205014,8.157e-06
3,5.0A,363,6.2A,748.234145,4.2664e-05
2,5.0A,363,6.2A,748.234145,4.5414e-05
0,5.0A,363,6.2A,748.234146,2.34e-06
3,5.0A,364,6.1A,748.264931,3.2347e-05
2,5.0A,364,6.1A,748.264931,5.941e-05
1,5.0A,365,5.8A,748.306759,7.5612e-05
0,5.0A,365,5.8A,748.306759,7.7093e-05
1,5.0A,366,5.8A,748.307731,7.2648e-05
0,5.0A,366,5.8A,748.307731,8.0499e-05
1,5.0A,368,7.0A,748.586025,2.128e-06
0,5.0A,368,7.0A,748.586025,2.087e-06
1,5.0A,369,7.0A,748.587248,2.583e-06
0,5.0A,369,7.0A,748.587248,1.837e-06
4,5.0A,376,7.0A,748.648415,1.441e-06
3,5.0A,385,7.0A,748.771827,1.121e-06
2,5.0A,385,7.0A,748.771827,1.109e-06
3,5.0A,386,7.0A,748.778229,1.219e-06
2,5.0A,386,7.0A,748.778229,1.172e-06
1,5.0A,387,7.0A,748.853763,2.459e-06
0,5.0A,387,7.0A,748.853763,2.434e-06
1,5.0A,388,7.0A,748.853893,2.459e-06
0,5.0A,388,7.0A,748.853893,2.446e-06
1,5.0A,391,7.0A,749.28419,2.817e-06
0,5.0A,392,7.0A,749.293665,2.824e-06
2,5.0A,393,7.0A,749.331251,4.661e-06
4,5.0A,394,7.0A,749.33325,1.276e-06
3,5.0A,394,7.0A,749.33325,4.651e-06
4,5.0A,395,7.0A,749.346871,5.262e-06
4,5.0A,401,5.0A,749.471541,2.6815e-05
3,5.0A,401,5.0A,749.471541,9.106e-06
2,5.0A,401,5.0A,749.471542,9.182e-06
4,5.0A,402,5.0A,749.472921,1.889e-06
2,5.0A,402,5.0A,749.472922,1.9985e-05
1,5.0A,402,5.0A,749.472923,9.299e-06
0,5.0A,402,5.0A,749.472923,1.0299e-05
4,5.0A,403,5.0A,749.472961,4.052e-06
3,5.0A,403,5.0A,749.472961,1.9937e-05
1,5.0A,403,5.0A,749.472962,9.296e-06
0,5.0A,403,5.0A,749.472962,8.123e-06
0,5.0A,420,7.0A,751.607662,1.396e-06
4,5.0A,427,7.0A,752.632007,2.024e-06
0,5.0A,427,7.0A,752.632009,1.051e-06
4,5.0A,428,7.0A,752.632926,2.655e-06
3,5.0A,429,7.0A,752.640945,2.423e-06
2,5.0A,429,7.0A,752.640945,2.28e-06
2,5.0A,431,7.0A,753.125367,1.15e-06
3,5.0A,432,7.0A,753.126043,1.148e-06
0,5.0A,433,7.0A,753.148847,4.502e-06
1,5.0A,434,7.0A,753.149352,4.552e-06
