T_mid_K,field_T,minus_delta_S_J_per_mol_per_K
1.9,0.0001,1.080196628e-08
1.9,0.1,0.01078754993
1.9,0.2,0.04306400443
1.9,0.3,0.09657248928
1.9,0.4,0.1708900302
1.9,0.5,0.2654351489
1.9,0.6,0.3794781274
1.9,0.7,0.5121536294
1.9,0.8,0.6624752869
1.9,0.9,0.8293518169
1.9,1,1.011604207
1.9,1.1,1.207983506
1.9,1.2,1.417188765
1.9,1.3,1.637884715
1.9,1.4,1.868718798
1.9,1.5,2.108337228
1.9,1.6,2.355399828
1.9,1.7,2.608593426
1.9,1.8,2.866643687
1.9,1.9,3.128325292
1.9,2,3.392470438
1.9,2.1,3.657975679
1.9,2.2,3.923807178
1.9,2.3,4.189004446
1.9,2.4,4.4526827
1.9,2.5,4.71403396
1.9,2.6,4.972327032
1.9,2.7,5.226906531
1.9,2.8,5.477191079
1.9,2.9,5.722670817
1.9,3,5.962904386
1.9,3.1,6.19751547
1.9,3.2,6.426189041
1.9,3.3,6.648667385
1.9,3.4,6.864746015
1.9,3.5,7.074269529
1.9,3.6,7.277127497
1.9,3.7,7.473250407
1.9,3.8,7.662605737
1.9,3.9,7.845194166
1.9,4,8.021045968
1.9,4.1,8.190217589
1.9,4.2,8.352788439
1.9,4.3,8.508857891
1.9,4.4,8.658542494
1.9,4.5,8.801973406
1.9,4.6,8.939294033
1.9,4.7,9.070657879
1.9,4.8,9.19622658
1.9,4.9,9.316168147
1.9,5,9.430655366
1.9,5.1,9.539864377
1.9,5.2,9.643973412
1.9,5.3,9.743161665
1.9,5.4,9.837608313
1.9,5.5,9.927491651
1.9,5.6,10.01298834
1.9,5.7,10.09427277
1.9,5.8,10.1715165
1.9,5.9,10.24488779
1.9,6,10.31455124
1.9,6.1,10.38066743
1.9,6.2,10.44339269
1.9,6.3,10.5028789
1.9,6.4,10.55927333
1.9,6.5,10.61271853
1.9,6.6,10.66335225
1.9,6.7,10.71130744
1.9,6.8,10.75671219
1.9,6.9,10.79968981
1.9,7,10.84035882
2.25,0.0001,7.737930213e-09
2.25,0.1,0.007730466714
2.25,0.2,0.03087713479
2.25,0.3,0.06930647853
2.25,0.4,0.1227979137
2.25,0.5,0.191046711
2.25,0.6,0.2736679659
2.25,0.7,0.3702015353
2.25,0.8,0.4801178296
2.25,0.9,0.6028243246
2.25,1,0.7376726537
2.25,1.1,0.8839661273
2.25,1.2,1.040967531
2.25,1.3,1.207907051
2.25,1.4,1.383990184
2.25,1.5,1.568405508
2.25,1.6,1.760332185
2.25,1.7,1.958947093
2.25,1.8,2.163431519
2.25,1.9,2.37297732
2.25,2,2.586792514
2.25,2.1,2.804106269
2.25,2.2,3.02417326
2.25,2.3,3.246277402
2.25,2.4,3.469734954
2.25,2.5,3.693897023
2.25,2.6,3.918151494
2.25,2.7,4.141924416
2.25,2.8,4.364680886
2.25,2.9,4.585925478
2.25,3,4.805202257
2.25,3.1,5.022094434
2.25,3.2,5.236223699
2.25,3.3,5.447249278
2.25,3.4,5.654866767
2.25,3.5,5.858806775
2.25,3.6,6.058833415
2.25,3.7,6.254742684
2.25,3.8,6.446360756
2.25,3.9,6.633542223
2.25,4,6.816168305
2.25,4.1,6.994145052
2.25,4.2,7.167401564
2.25,4.3,7.335888225
2.25,4.4,7.499574993
2.25,4.5,7.658449729
2.25,4.6,7.812516598
2.25,4.7,7.961794527
2.25,4.8,8.106315745
2.25,4.9,8.246124391
2.25,5,8.381275202
2.25,5.1,8.511832285
2.25,5.2,8.63786796
2.25,5.3,8.759461687
2.25,5.4,8.876699069
2.25,5.5,8.989670924
2.25,5.6,9.098472435
2.25,5.7,9.20320237
2.25,5.8,9.303962361
2.25,5.9,9.400856253
2.25,6,9.493989509
2.25,6.1,9.583468672
2.25,6.2,9.669400881
2.25,6.3,9.751893434
2.25,6.4,9.831053398
2.25,6.5,9.906987263
2.25,6.6,9.979800634
2.25,6.7,10.04959796
2.25,6.8,10.11648231
2.25,6.9,10.18055514
2.25,7,10.24191615
2.75,0.0001,5.13015558e-09
2.75,0.1,0.005126897964
2.75,0.2,0.02048809008
2.75,0.3,0.04602527293
2.75,0.4,0.08164183057
2.75,0.5,0.1272036708
2.75,0.6,0.182540373
2.75,0.7,0.2474466335
2.75,0.8,0.3216839847
2.75,0.9,0.404982763
2.75,1,0.4970442969
2.75,1.1,0.5975432817
2.75,1.2,0.7061303091
2.75,1.3,0.8224345169
2.75,1.4,0.946066323
2.75,1.5,1.076620211
2.75,1.6,1.213677533
2.75,1.7,1.356809295
2.75,1.8,1.505578905
2.75,1.9,1.65954484
2.75,2,1.818263227
2.75,2.1,1.981290297
2.75,2.2,2.148184711
2.75,2.3,2.31850973
2.75,2.4,2.491835226
2.75,2.5,2.667739518
2.75,2.6,2.845811036
2.75,2.7,3.025649795
2.75,2.8,3.206868705
2.75,2.9,3.389094684
2.75,3,3.571969608
2.75,3.1,3.755151091
2.75,3.2,3.938313098
2.75,3.3,4.121146412
2.75,3.4,4.30335895
2.75,3.5,4.48467595
2.75,3.6,4.664840033
2.75,3.7,4.843611156
2.75,3.8,5.020766454
2.75,3.9,5.196100004
2.75,4,5.3694225
2.75,4.1,5.540560859
2.75,4.2,5.709357774
2.75,4.3,5.875671203
2.75,4.4,6.039373835
2.75,4.5,6.200352503
2.75,4.6,6.358507582
2.75,4.7,6.513752369
2.75,4.8,6.666012444
2.75,4.9,6.815225026
2.75,5,6.961338332
2.75,5.1,7.104310931
2.75,5.2,7.24411111
2.75,5.3,7.380716249
2.75,5.4,7.514112207
2.75,5.5,7.644292725
2.75,5.6,7.771258848
2.75,5.7,7.895018363
2.75,5.8,8.01558526
2.75,5.9,8.132979216
2.75,6,8.247225095
2.75,6.1,8.35835248
2.75,6.2,8.466395219
2.75,6.3,8.571391001
2.75,6.4,8.673380953
2.75,6.5,8.772409258
2.75,6.6,8.868522797
2.75,6.7,8.961770813
2.75,6.8,9.052204596
2.75,6.9,9.139877188
2.75,7,9.224843111
3.5,0.0001,3.190143939e-09
3.5,0.1,0.003188878654
3.5,0.2,0.01274786568
3.5,0.3,0.0286540694
3.5,0.4,0.05086947596
3.5,0.5,0.07934116058
3.5,0.6,0.1140015787
3.5,0.7,0.154768935
3.5,0.8,0.2015476266
3.5,0.9,0.2542287568
3.5,1,0.3126907127
3.5,1.1,0.376799803
3.5,1.2,0.4464109483
3.5,1.3,0.5213684186
3.5,1.4,0.6015066104
3.5,1.5,0.6866508578
3.5,1.6,0.7766182689
3.5,1.7,0.8712185815
3.5,1.8,0.9702550321
3.5,1.9,1.07352523
3.5,2,1.180822028
3.5,2.1,1.291934394
3.5,2.2,1.406648259
3.5,2.3,1.524747356
3.5,2.4,1.64601403
3.5,2.5,1.770230025
3.5,2.6,1.897177237
3.5,2.7,2.026638436
3.5,2.8,2.15839794
3.5,2.9,2.292242264
3.5,3,2.427960719
3.5,3.1,2.565345962
3.5,3.2,2.704194518
3.5,3.3,2.844307239
3.5,3.4,2.985489733
3.5,3.5,3.127552739
3.5,3.6,3.270312466
3.5,3.7,3.413590881
3.5,3.8,3.55721596
3.5,3.9,3.701021901
3.5,4,3.844849292
3.5,4.1,3.988545246
3.5,4.2,4.131963503
3.5,4.3,4.274964494
3.5,4.4,4.417415376
3.5,4.5,4.559190043
3.5,4.6,4.7001691
3.5,4.7,4.840239822
3.5,4.8,4.979296089
3.5,4.9,5.117238293
3.5,5,5.253973237
3.5,5.1,5.389414012
3.5,5.2,5.523479858
3.5,5.3,5.656096019
3.5,5.4,5.787193579
3.5,5.5,5.916709295
3.5,5.6,6.04458542
3.5,5.7,6.170769517
3.5,5.8,6.295214272
3.5,5.9,6.417877306
3.5,6,6.538720971
3.5,6.1,6.657712165
3.5,6.2,6.774822124
3.5,6.3,6.890026238
3.5,6.4,7.003303843
3.5,6.5,7.11463804
3.5,6.6,7.224015493
3.5,6.7,7.331426252
3.5,6.8,7.436863558
3.5,6.9,7.540323674
3.5,7,7.6418057
4.5,0.0001,1.905385032e-09
4.5,0.1,0.001904934638
4.5,0.2,0.007617046909
4.5,0.3,0.01712827504
4.5,0.4,0.03042521086
4.5,0.5,0.04748914341
4.5,0.6,0.06829611896
4.5,0.7,0.0928170177
4.5,0.8,0.1210176463
4.5,0.9,0.1528588462
4.5,1,0.1882966169
4.5,1.1,0.2272822534
4.5,1.2,0.2697624968
4.5,1.3,0.3156796983
4.5,1.4,0.3649719938
4.5,1.5,0.4175734905
4.5,1.6,0.473414462
4.5,1.7,0.5324215534
4.5,1.8,0.5945179927
4.5,1.9,0.6596238102
4.5,2,0.7276560623
4.5,2.1,0.7985290602
4.5,2.2,0.8721546018
4.5,2.3,0.9484422064
4.5,2.4,1.02729935
4.5,2.5,1.108631699
4.5,2.6,1.192343351
4.5,2.7,1.27833706
4.5,2.8,1.366514473
4.5,2.9,1.456776355
4.5,3,1.549022813
4.5,3.1,1.643153512
4.5,3.2,1.739067889
4.5,3.3,1.836665358
4.5,3.4,1.93584551
4.5,3.5,2.036508304
4.5,3.6,2.138554252
4.5,3.7,2.241884593
4.5,3.8,2.346401462
4.5,3.9,2.452008046
4.5,4,2.558608739
4.5,4.1,2.666109274
4.5,4.2,2.774416863
4.5,4.3,2.883440313
4.5,4.4,2.99309014
4.5,4.5,3.103278676
4.5,4.6,3.213920156
4.5,4.7,3.324930812
4.5,4.8,3.436228943
4.5,4.9,3.547734986
4.5,5,3.659371574
4.5,5.1,3.771063589
4.5,5.2,3.882738204
4.5,5.3,3.994324917
4.5,5.4,4.105755584
4.5,5.5,4.216964435
4.5,5.6,4.327888094
4.5,5.7,4.438465581
4.5,5.8,4.548638319
4.5,5.9,4.65835013
4.5,6,4.767547224
4.5,6.1,4.876178186
4.5,6.2,4.984193956
4.5,6.3,5.091547812
4.5,6.4,5.198195333
4.5,6.5,5.304094378
4.5,6.6,5.409205046
4.5,6.7,5.513489642
4.5,6.8,5.616912633
4.5,6.9,5.719440611
4.5,7,5.821042245
