# Source: W. T. Carnall, G. L. Goodman, K. Rajnak, R. S. Rana,
#   "A systematic analysis of the spectra of the lanthanides doped into single crystal LaF3",
#   Argonne National Laboratory report ANL-88-8 (February 1988). DOI: 10.2172/6995771
# Tables: appendices of Pr (I), Nd (II), Pm (III), Sm (IV), Er (VI), Tm (VII), Dy (IX),
#   "Experimental and Computed Energy Level Structure"; Pm has computed levels only.
# Digitized: 2026-10-03 (fBlockKit anchor-digitization).
# Method: MinerU 4.0.10 markdown (HTML tables); header-driven generic parser -- each SLJ
#   group found in a table header becomes an independent stream (empty label continues the
#   previous state); printed leading-digit omissions expanded per state. Where the source
#   prints reference columns from other papers (Rast/Dieke/Fry/Caspers/Wong/Voron-ko), only
#   the report's own Obsd/Expt, Model, Calc and O-C columns are taken.
# Verification scope: structural validation (header-driven grouping per stream, state
#   continuity, leading-digit expansion) plus targeted page spot-checks (see the process
#   record). Full page-by-page adjudication was performed for the Ho/Tb/Gd file and for
#   Carnall 1968 part I, not for every block of this file; treat rare mis-groupings in the
#   densest shorthand sections as possible and report them against the PDF.
# Columns: ion, state (SLJ), obsd (cm-1), model (cm-1, where printed), calc (cm-1),
#   o_c (cm-1), species (where printed), note.
ion,state,obsd,model,calc,o_c,species,note
Dy3+,6H15/2,0,,0,0,,
Dy3+,6H15/2,17,,28,-11,,
Dy3+,6H15/2,69,,76,-7,,
Dy3+,6H15/2,124,,126,-2,,
Dy3+,6H15/2,184,,188,-4,,
Dy3+,6H15/2,208,,209,-1,,
Dy3+,6H15/2,,,296,,,
Dy3+,6H15/2,307,,316,-9,,
Dy3+,6H13/2,3502,,3502,1,,
Dy3+,6H13/2,3576,,3568,7,,
Dy3+,6H13/2,3618,,3602,19,,
Dy3+,6H13/2,3630,,3624,4,,
Dy3+,6H13/2,3645,,3639,6,,
Dy3+,6H13/2,,,3678,,,
Dy3+,6H13/2,3695,,3681,20,,
Dy3+,6H11/2,5882,,5875,8,,
Dy3+,6H11/2,5909,,5912,-4,,
Dy3+,6H11/2,5925,,5918,6,,
Dy3+,6H11/2,5945,,5934,11,,
Dy3+,6H11/2,5977,,5973,3,,
Dy3+,6H11/2,6024,,6024,-3,,
Dy3+,"6H9/2,",7633,,7630,2,,
Dy3+,"6H9/2,",7727,,7728,-2,,
Dy3+,6F11/2,665,,673,-9,,
Dy3+,6F11/2,758,,776,-20,,
Dy3+,6F11/2,803,,828,-16,,
Dy3+,6F11/2,813,,832,5,,
Dy3+,6F11/2,842,,841,-1,,
Dy3+,6F11/2,887,,862,-8,,
Dy3+,6F11/2,933,,927,3,,
Dy3+,6F11/2,8019,,998,-2,,
Dy3+,6F11/2,8075,,8065,10,,
Dy3+,"6H7/2,",8990,,8996,-4,,
Dy3+,"6H7/2,",9179,,9185,-4,,
Dy3+,6F9/2,235,,238,-4,,
Dy3+,6F9/2,279,,265,17,,
Dy3+,6F9/2,343,,330,13,,
Dy3+,6F9/2,438,,435,0,,
Dy3+,6F9/2,9071,,9085,-11,,
Dy3+,6F9/2,9085,,9091,-4,,
Dy3+,6F9/2,9141,,9139,5,,
Dy3+,6H5/2,10222,,10220,2,,
Dy3+,6H5/2,10284,,10284,1,,
Dy3+,6H5/2,10344,,10346,-1,,
Dy3+,6F7/2,11044,,11038,-1,,
Dy3+,6F7/2,11116,,11099,9,,
Dy3+,6F7/2,11159,,11138,0,,
Dy3+,6F7/2,11206,,11142,10,,
Dy3+,6F5/2,12456,,12466,-10,,
Dy3+,6F5/2,12501,,12501,1,,
Dy3+,6F5/2,12520,,12517,-3,,
Dy3+,4I15/2,22020,,21996,26,,
Dy3+,4I15/2,22126,,21121,11,,
Dy3+,4I15/2,22169,,21168,7,,
Dy3+,4I15/2,22190,,21185,4,,
Dy3+,4I15/2,22214,,21211,2,,
Dy3+,4I15/2,22290,,21297,-5,,
Dy3+,4I15/2,22342,,21328,14,,
Dy3+,4I15/2,22380,,21352,27,,
Dy3+,6F3/2,13271,,13288,-17,,
Dy3+,6F3/2,13284,,13296,-11,,
Dy3+,6F1/2,,,13839,,,
Dy3+,4F9/2,21059,,21058,-1,,
Dy3+,4F9/2,21141,,21131,11,,
Dy3+,4F9/2,21159,,21147,12,,
Dy3+,4F9/2,21175,,21190,15,,
Dy3+,4F9/2,21218,,21358,,,
Dy3+,4G11/2,23468,,23460,8,,
Dy3+,4G11/2,23501,,23504,-7,,
Dy3+,4G11/2,23513,,23525,-12,,
Dy3+,4G11/2,23534,,23542,-5,,
Dy3+,4G11/2,23550,,23555,-4,,
Dy3+,4G11/2,,,23611,,,
Dy3+,4G11/2,,,23611,,,
Dy3+,"4I13/2,4F7/2,",,,25626,,,
Dy3+,"4I13/2,4F7/2,",25661,,25674,-13,,
Dy3+,4M21/2,24984,,24971,13,,
Dy3+,4M21/2,25001,,24998,3,,
Dy3+,4M21/2,25067,,25070,-3,,
Dy3+,4M21/2,25090,,25092,-2,,
Dy3+,4M21/2,,,25172,,,
Dy3+,4M21/2,,,25186,,,
Dy3+,4M21/2,25187,,25185,2,,
Dy3+,4M21/2,25226,,25223,3,,
Dy3+,4M21/2,,,25273,,,
Dy3+,4M21/2,25303,,25307,-4,,
Dy3+,4M21/2,25341,,25333,8,,
Dy3+,4K17/2,691,,722,-31,,
Dy3+,4K17/2,740,,742,-2,,
Dy3+,4K17/2,748,,759,-11,,
Dy3+,4K17/2,778,,814,-36,,
Dy3+,4K17/2,824,,837,-13,,
Dy3+,4K17/2,,,829,,,
Dy3+,4K17/2,,,845,,,
Dy3+,4K17/2,849,,861,-12,,
Dy3+,4K17/2,867,,892,-25,,
Dy3+,4K17/2,,,894,,,
Dy3+,4K17/2,903,,919,-16,,
Dy3+,4K17/2,,,912,,,
Dy3+,4K17/2,940,,952,-12,,
Dy3+,4K17/2,953,,962,-9,,
Dy3+,4K17/2,,,981,,,
Dy3+,4K17/2,990,,982,8,,
Dy3+,4I13/2,25918,,25929,-11,,
Dy3+,4M19/2,,,26242,,,
Dy3+,4M19/2,,,26251,,,
Dy3+,4M19/2,26260,,26257,3,,
Dy3+,4M19/2,,,26291,,,
Dy3+,4M19/2,,,26397,,,
Dy3+,4M19/2,26448,,26445,3,,
Dy3+,4M19/2,,,26475,,,
Dy3+,4M19/2,26509,,26528,-19,,
Dy3+,4M19/2,26571,,26552,19,,
Dy3+,4M19/2,26583,,26563,20,,
Dy3+,4F7/2,,,935,,,
Dy3+,6P3/2,27476,,27493,-17,,
Dy3+,6P3/2,27529,,27545,-16,,
Dy3+,6P3/2,30879,,30862,17,,
Dy3+,6P3/2,30914,,30898,16,,
Dy3+,6P5/2,27574,,27580,-6,,
Dy3+,6P5/2,27616,,27611,5,,
Dy3+,6P5/2,27658,,27660,-2,,
Dy3+,4I11/2,27912,,27903,9,,
Dy3+,4I11/2,27982,,27991,-9,,
Dy3+,4I11/2,,,27984,,,
Dy3+,4I11/2,28030,,28046,-16,,
Dy3+,4I11/2,,,28036,,,
Dy3+,4I11/2,28068,,28072,-4,,
Dy3+,"4M15/2,",,,28492,,,
Dy3+,"4M15/2,",28819,,28808,11,,
Dy3+,6P7/2,834,,835,-1,,
Dy3+,"4F5/2,",,,29260,,,
Dy3+,"4F5/2,",,,29420,,,
Dy3+,"4F5/2,",29527,,29517,10,,
Dy3+,4I9/2,630,,614,16,,
Dy3+,4I9/2,660,,658,2,,
Dy3+,4I9/2,676,,683,-7,,
Dy3+,4I9/2,746,,725,21,,
Dy3+,4I9/2,780,,783,-3,,
Dy3+,4I9/2,851,,842,9,,
Dy3+,4I9/2,884,,883,1,,
Dy3+,"6P7/2,",536,,523,13,,
Dy3+,"6P7/2,",572,,575,-3,,
Dy3+,"6P7/2,",605,,607,-2,,
Dy3+,"6P7/2,",630,,634,-4,,
Dy3+,"6P7/2,",651,,641,10,,
Dy3+,"6P7/2,",666,,673,-7,,
Dy3+,"6P7/2,",,,676,,,
Dy3+,"6P7/2,",703,,698,5,,
Dy3+,"6P7/2,",726,,727,-1,,
Dy3+,"4G9/2,",,,29960,,,
Dy3+,"4G9/2,",,,29997,,,
Dy3+,4M17/2,29980,,986,-6,,
Dy3+,4M17/2,,,30020,,,
Dy3+,4M17/2,,,30025,,,
Dy3+,4M17/2,,,30041,,,
Dy3+,4M17/2,30073,,30081,-8,,
Dy3+,4M17/2,,,30092,,,
Dy3+,4M17/2,,,30106,,,
Dy3+,4M17/2,30139,,30151,-12,,
Dy3+,4M17/2,,,30194,,,
Dy3+,4M17/2,30241,,30224,17,,
Dy3+,4M17/2,,,30263,,,
Dy3+,4M17/2,30301,,30296,5,,
Dy3+,"4K15/2,",31119,,31105,14,,
Dy3+,4L19/2,134,,148,-14,,
Dy3+,4L19/2,170,,169,1,,
Dy3+,4L19/2,195,,190,5,,
Dy3+,4L19/2,214,,218,-4,,
Dy3+,4L19/2,226,,245,-19,,
Dy3+,4L19/2,262,,266,-4,,
Dy3+,4L19/2,282,,285,-3,,
Dy3+,4L19/2,294,,298,-4,,
Dy3+,4L19/2,,,316,,,
Dy3+,4L19/2,,,350,,,
Dy3+,4L19/2,,,375,,,
Dy3+,4L19/2,,,389,,,
Dy3+,4L19/2,,,415,,,
Dy3+,4L19/2,,,462,,,
Dy3+,4L19/2,31369,,370,-1,,
Dy3+,4L19/2,31443,,456,-13,,
Dy3+,4K15/2,,,31356,,,
Dy3+,4D5/2,,,32062,,,
Dy3+,4D5/2,,,32087,,,
Dy3+,4D5/2,,,32168,,,
Dy3+,4D1/2,,,152,,,
Dy3+,4K13/2,,,33148,,,
Dy3+,4K13/2,,,33180,,,
Dy3+,4K13/2,33185,,33185,0,,
Dy3+,4K13/2,,,33197,,,
Dy3+,4K13/2,33205,,33203,2,,
Dy3+,4K13/2,33221,,33206,15,,
Dy3+,4K13/2,33239,,33219,20,,
Dy3+,4G7/2,31571,,31565,6,,
Dy3+,4G7/2,31651,,31648,3,,
Dy3+,4G7/2,,,31698,,,
Dy3+,4G7/2,31707,,31710,-3,,
Dy3+,4G7/2,,,31818,,,
Dy3+,4G7/2,,,31902,,,
Dy3+,4G7/2,,,31948,-12,,
Dy3+,4G7/2,,,31971,-10,,
Dy3+,4G7/2,,,33775,,,
Dy3+,4G7/2,,,33789,,,
Dy3+,4G7/2,,,36005,-3,,
Dy3+,4G7/2,,,36014,8,,
Dy3+,4G7/2,,,36056,-5,,
Dy3+,4G7/2,,,36100,-23,,
Dy3+,4G7/2,,,36153,,,
Dy3+,4G7/2,,,37649,,,
Dy3+,4G7/2,,,37682,,,
Dy3+,4H13/2,,,33485,,,
Dy3+,4H13/2,,,33497,,,
Dy3+,4H13/2,33500,,33500,0,,
Dy3+,4H13/2,33508,,33506,2,,
Dy3+,4H13/2,33537,,33518,19,,
Dy3+,4H13/2,33552,,33553,-1,,
Dy3+,4H13/2,33600,,33566,34,,
Dy3+,"4H11/2,",34227,,34237,-10,,
Dy3+,"4H11/2,",,,34383,15,,
Dy3+,"4L17/2,",240,,241,-1,,
Dy3+,"4L17/2,",,,400,6,,
Dy3+,4H9/2,278,,274,4,,
Dy3+,4H9/2,,,292,,,
Dy3+,4H9/2,293,,285,8,,
Dy3+,4H9/2,,,298,,,
Dy3+,4H9/2,,,324,,,
Dy3+,4H9/2,,,338,,,
Dy3+,4H9/2,346,,348,-2,,
Dy3+,4H9/2,,,355,,,
Dy3+,4H9/2,,,358,,,
Dy3+,4H9/2,,,370,,,
Dy3+,4H9/2,373,,381,-8,,
Dy3+,4H9/2,,,436,-6,,
Dy3+,4H9/2,,,448,-3,,
Dy3+,4H9/2,,,457,,,
Dy3+,4H9/2,,,470,,,
Dy3+,4H9/2,,,472,,,
Dy3+,4H9/2,,,493,12,,
Dy3+,4F3/2,33628,,33632,-4,,
Dy3+,4F3/2,33642,,33639,3,,
Dy3+,4F3/2,37933,,37921,12,,
Dy3+,4F3/2,37962,,37952,10,,
Dy3+,4I7/2,34009,,34021,-12,,
Dy3+,4I7/2,34020,,34030,-10,,
Dy3+,4I7/2,34031,,34041,-10,,
Dy3+,4I7/2,34070,,34069,1,,
Dy3+,4H11/2,,,34846,1,,
Dy3+,4H11/2,,,34874,-5,,
Dy3+,4H11/2,,,34891,11,,
Dy3+,4H11/2,,,34910,0,,
Dy3+,4H11/2,,,34934,-1,,
Dy3+,4H11/2,,,34990,-21,,
Dy3+,"4K11/2,",,,35776,,,
Dy3+,"4L13/2,",36484,,36480,4,,
Dy3+,"4L13/2,",,,36645,,,
Dy3+,"4G5/2,",498,,500,-2,,
Dy3+,"4G5/2,",36653,,660,-7,,
Dy3+,4L15/2,,,505,,,
Dy3+,4L15/2,522,,533,-11,,
Dy3+,4L15/2,,,553,,,
Dy3+,4L15/2,,,558,,,
Dy3+,4L15/2,,,574,,,
Dy3+,4L15/2,,,579,,,
Dy3+,4L15/2,590,,588,2,,
Dy3+,4L15/2,,,597,,,
Dy3+,4L15/2,,,606,,,
Dy3+,4L15/2,614,,611,3,,
Dy3+,4L15/2,,,624,,,
Dy3+,4L15/2,633,,627,6,,
Dy3+,4L15/2,672,,664,8,,
Dy3+,4L15/2,686,,692,-6,,
Dy3+,4G9/2,36752,,36746,6,,
Dy3+,4G9/2,36780,,36781,-1,,
Dy3+,4G9/2,,,36803,,,
Dy3+,4G9/2,,,36833,,,
Dy3+,4G9/2,,,36846,,,
Dy3+,4P1/2,,,674,,,
Dy3+,2L15/2,,,38047,,,
Dy3+,2L15/2,,,38084,,,
Dy3+,2L15/2,,,38170,,,
Dy3+,2L15/2,,,38264,,,
Dy3+,2L15/2,,,38274,,,
Dy3+,2L15/2,,,38366,,,
Dy3+,2L15/2,,,38451,,,
Dy3+,2L15/2,,,38502,,,
Dy3+,4P5/2,38926,,38911,15,,
Dy3+,4P5/2,38997,,38989,8,,
Dy3+,4P5/2,39085,,39077,8,,
Dy3+,4P3/2,39159,,39163,-4,,
Dy3+,4P3/2,39182,,39185,3,,
Nd3+,4I9/2,0,,5,-5,,
Nd3+,4I9/2,45,,48,-3,,
Nd3+,4I9/2,136,,153,-17,,
Nd3+,4I9/2,296,,304,-8,,
Nd3+,4I9/2,500,,513,-13,,
Nd3+,4I11/2,1978,,1965,13,,
Nd3+,4I11/2,2037,,2027,10,,
Nd3+,4I11/2,2068,,2070,-2,,
Nd3+,4I11/2,2091,,2089,2,,
Nd3+,4I11/2,2187,,2193,-6,,
Nd3+,4I11/2,2223,,2226,-3,,
Nd3+,4I13/2,3918,,3902,16,,
Nd3+,4I13/2,3978,,3970,8,,
Nd3+,4I13/2,4038,,4033,5,,
Nd3+,4I13/2,4076,,4087,-11,,
Nd3+,4I13/2,4118,,4115,3,,
Nd3+,4I13/2,4208,,4205,3,,
Nd3+,4I13/2,4278,,4267,11,,
Nd3+,4I15/2,5816,,5804,12,,
Nd3+,4I15/2,5874,,5871,3,,
Nd3+,4I15/2,5986,,5999,-13,,
Nd3+,4I15/2,6141,,6163,-22,,
Nd3+,4I15/2,6167,,6185,-18,,
Nd3+,4I15/2,6323,,6113,10,,
Nd3+,4I15/2,6454,,6445,9,,
Nd3+,4I15/2,6556,,6538,18,,
Nd3+,4F3/2,11592,,11596,-4,,
Nd3+,4F3/2,11634,,11638,-4,,
Nd3+,"2H9/2,4F5/2",12596,,12576,20,,
Nd3+,"2H9/2,4F5/2",12614,,12595,19,,
Nd3+,"2H9/2,4F5/2",12622,,12633,-11,,
Nd3+,"2H9/2,4F5/2",12676,,12680,-4,,
Nd3+,"2H9/2,4F5/2",12694,,12704,-10,,
Nd3+,"2H9/2,4F5/2",12754,,12761,-7,,
Nd3+,"2H9/2,4F5/2",12843,,12847,-4,,
Nd3+,"2H9/2,4F5/2",12902,,12874,27,,
Nd3+,4F7/2,13514,,13521,-7,,
Nd3+,4F7/2,13590,,13591,-1,,
Nd3+,4F7/2,13711,,13690,21,,
Nd3+,4F7/2,13715,,13725,-10,,
Nd3+,4S3/2,671,,670,1,,
Nd3+,4S3/2,676,,678,-2,,
Nd3+,4F9/2,14834,,14840,-6,,
Nd3+,4F9/2,14861,,14860,1,,
Nd3+,4F9/2,14892,,14891,1,,
Nd3+,4F9/2,14926,,14925,1,,
Nd3+,4F9/2,14959,,14955,4,,
Nd3+,2H11/2,15997,,16025,-28,,
Nd3+,2H11/2,16033,,16043,-10,,
Nd3+,2H11/2,16046,,16049,-3,,
Nd3+,2H11/2,16060,,16067,-7,,
Nd3+,2H11/2,16100,,16093,7,,
Nd3+,2H11/2,16165,,16136,29,,
Nd3+,"4G5/2,4G7/2",17306,,17301,5,,
Nd3+,"4G5/2,4G7/2",17316,,17318,-2,,
Nd3+,"4G5/2,4G7/2",17363,,17360,3,,
Nd3+,"4G5/2,4G7/2",17511,,17492,19,,
Nd3+,"4G5/2,4G7/2",17518,,17512,6,,
Nd3+,"4G5/2,4G7/2",17571,,17567,4,,
Nd3+,"4G5/2,4G7/2",17605,,17607,-2,,
Nd3+,4G7/2,19147,,19134,13,,
Nd3+,4G7/2,19235,,19243,-8,,
Nd3+,4G7/2,19252,,19266,-14,,
Nd3+,4G7/2,19324,,19322,2,,
Nd3+,"2K13/2,4G9/2",19567,,19570,-3,,
Nd3+,"2K13/2,4G9/2",19615,,19622,-7,,
Nd3+,"2K13/2,4G9/2",19651,,19638,13,,
Nd3+,"2K13/2,4G9/2",19686,,19681,5,,
Nd3+,"2K13/2,4G9/2",19704,,19696,8,,
Nd3+,"2K13/2,4G9/2",,,19727,,,
Nd3+,"2K13/2,4G9/2",19741,,19741,0,,
Nd3+,"2K13/2,4G9/2",19799,,19786,13,,
Nd3+,"2K13/2,4G9/2",19835,,19834,1,,
Nd3+,"2K13/2,4G9/2",,,19892,,,
Nd3+,"2K13/2,4G9/2",,,19946,,,
Nd3+,"2K13/2,4G9/2",19960,,19970,-10,,
Nd3+,2G9/2,21155,,21151,4,,
Nd3+,2G9/2,21176,,21180,-4,,
Nd3+,2G9/2,21198,,21202,-4,,
Nd3+,2G9/2,21232,,21242,-10,,
Nd3+,2G9/2,21252,,21271,-19,,
Nd3+,2G9/2,,,47867,,,
Nd3+,2G9/2,47894,,47887,7,,
Nd3+,2G9/2,47937,,47954,-17,,
Nd3+,2G9/2,47999,,48021,-22,,
Nd3+,2G9/2,48043,,48056,-13,,
Nd3+,2D3/2,21338,,21337,1,,
Nd3+,2D3/2,21353,,21355,-2,,
Nd3+,2D3/2,33619,,33616,3,,
Nd3+,2D3/2,33649,,33647,2,,
Nd3+,"4G11/2,2K15/2",21542,,21535,7,,
Nd3+,"4G11/2,2K15/2",,,21618,,,
Nd3+,"4G11/2,2K15/2",21633,,21630,3,,
Nd3+,"4G11/2,2K15/2",21718,,21704,14,,
Nd3+,"4G11/2,2K15/2",,,21754,,,
Nd3+,"4G11/2,2K15/2",21768,,21767,1,,
Nd3+,"4G11/2,2K15/2",,,21783,,,
Nd3+,"4G11/2,2K15/2",21807,,21810,-3,,
Nd3+,"4G11/2,2K15/2",,,21821,,,
Nd3+,"4G11/2,2K15/2",21846,,21861,-15,,
Nd3+,"4G11/2,2K15/2",,,21884,,,
Nd3+,"4G11/2,2K15/2",,,21929,,,
Nd3+,"4G11/2,2K15/2",,,21957,,,
Nd3+,"4G11/2,2K15/2",21992,,21989,3,,
Nd3+,2P1/2,23473,,23463,10,,
Nd3+,2D5/2,23991,,23985,6,,
Nd3+,2D5/2,24033,,24035,-2,,
Nd3+,2D5/2,24080,,24075,5,,
Nd3+,2P3/2,26378,,26389,-11,,
Nd3+,2P3/2,26426,,26424,2,,
Nd3+,4D3/2,28341,,28342,-1,,
Nd3+,4D3/2,28374,,28371,3,,
Nd3+,4D5/2,28501,,28500,1,,
Nd3+,4D5/2,28525,,28526,-1,,
Nd3+,4D5/2,28676,,28672,4,,
Nd3+,4D1/2,28962,,28943,19,,
Nd3+,2I11/2,29463,,29467,-4,,
Nd3+,2I11/2,29489,,29476,13,,
Nd3+,2I11/2,29568,,29558,10,,
Nd3+,2I11/2,29644,,29646,-2,,
Nd3+,2I11/2,,,29648,,,
Nd3+,2I11/2,29713,,29777,-4,,
Nd3+,"2L15/2,4D7/2",30275,,30270,5,,
Nd3+,"2L15/2,4D7/2",30318,,30317,1,,
Nd3+,"2L15/2,4D7/2",,,30363,,,
Nd3+,"2L15/2,4D7/2",,,30471,,,
Nd3+,"2L15/2,4D7/2",30517,,30523,-6,,
Nd3+,"2L15/2,4D7/2",,,30536,,,
Nd3+,"2L15/2,4D7/2",30576,,30593,-17,,
Nd3+,"2L15/2,4D7/2",,,30600,,,
Nd3+,"2L15/2,4D7/2",30631,,30644,-13,,
Nd3+,"2L15/2,4D7/2",30682,,30691,-9,,
Nd3+,"2L15/2,4D7/2",30719,,30722,-3,,
Nd3+,"2L15/2,4D7/2",30807,,30796,11,,
Nd3+,2L17/2,31781,,31768,13,,
Nd3+,2L17/2,,,31817,,,
Nd3+,2L17/2,31859,,31851,8,,
Nd3+,2L17/2,,,31983,,,
Nd3+,2L17/2,,,31987,,,
Nd3+,2L17/2,,,32008,,,
Nd3+,2L17/2,,,32030,,,
Nd3+,2L17/2,,,32074,,,
Nd3+,2L17/2,,,32172,,,
Nd3+,2H9/2,33030,,33036,-6,,
Nd3+,2H9/2,33107,,33117,-10,,
Nd3+,2H9/2,33181,,33178,3,,
Nd3+,2H9/2,33228,,33226,2,,
Nd3+,2H9/2,33255,,33255,0,,
Nd3+,2I13/2,,,30860,,,
Nd3+,2I13/2,30893,,30898,-5,,
Nd3+,2I13/2,30933,,30948,-15,,
Nd3+,2I13/2,30994,,31010,-16,,
Nd3+,2I13/2,31030,,31029,1,,
Nd3+,2I13/2,31068,,31054,14,,
Nd3+,2I13/2,,,31118,,,
Nd3+,"2H11/2,2D5/2",34292,,34264,28,,
Nd3+,"2H11/2,2D5/2",34380,,34368,12,,
Nd3+,"2H11/2,2D5/2",34419,,34443,-24,,
Nd3+,"2H11/2,2D5/2",,,34501,,,
Nd3+,"2H11/2,2D5/2",34521,,34534,-13,,
Nd3+,"2H11/2,2D5/2",,,34578,,,
Nd3+,"2H11/2,2D5/2",34678,,34659,19,,
Nd3+,"2H11/2,2D5/2",34706,,34723,-17,,
Nd3+,"2H11/2,2D5/2",,,34811,,,
Nd3+,2F5/2,38690,,38708,-18,,
Nd3+,2F5/2,38735,,38764,-29,,
Nd3+,2F5/2,38841,,38811,30,,
Nd3+,2F5/2,,,67856,,,
Nd3+,2F5/2,,,67856,,,
Nd3+,2F5/2,,,67900,,,
Nd3+,2F5/2,,,68126,,,
Nd3+,2G7/2,48839,,48852,-13,,
Nd3+,2G7/2,48908,,48868,40,,
Nd3+,2G7/2,48977,,48979,-2,,
Nd3+,2G7/2,49088,,49071,17,,
Nd3+,2F7/2,40103,,40104,-1,,
Nd3+,2F7/2,40155,,66176,-21,,
Nd3+,2F7/2,40288,,66247,41,,
Nd3+,2F7/2,,,66120,,,
Nd3+,2F7/2,,,66565,,,
Nd3+,2F7/2,,,66565,,,
Nd3+,2F7/2,,,66716,,,
Nd3+,2F7/2,,,66772,,,
Nd3+,2F7/2,,,66916,,,
Pm3+,5I4,,,0,,,
Pm3+,5I4,,,135,,,
Pm3+,5I4,,,189,,,
Pm3+,5I4,,,233,,,
Pm3+,5I4,,,266,,,
Pm3+,5I4,,,294,,,
Pm3+,5I4,,,332,,,
Pm3+,5I4,,,437,,,
Pm3+,5I4,,,474,,,
Pm3+,5I6,,,3285,,,
Pm3+,5I6,,,3322,,,
Pm3+,5I6,,,3326,,,
Pm3+,5I6,,,3369,,,
Pm3+,5I6,,,3376,,,
Pm3+,5I6,,,3389,,,
Pm3+,5I6,,,3392,,,
Pm3+,5I6,,,3413,,,
Pm3+,5I6,,,3413,,,
Pm3+,5I6,,,3416,,,
Pm3+,5I6,,,3439,,,
Pm3+,5I6,,,3462,,,
Pm3+,5I6,,,3470,,,
Pm3+,5I8,,,6556,,,
Pm3+,5I8,,,6605,,,
Pm3+,5I8,,,6621,,,
Pm3+,5I8,,,6653,,,
Pm3+,5I8,,,6672,,,
Pm3+,5I8,,,6746,,,
Pm3+,5I8,,,6763,,,
Pm3+,5I8,,,6824,,,
Pm3+,5I8,,,6827,,,
Pm3+,5I8,,,6857,,,
Pm3+,5I8,,,6959,,,
Pm3+,5I8,,,6977,,,
Pm3+,5I8,,,7060,,,
Pm3+,5I8,,,7063,,,
Pm3+,5I8,,,7129,,,
Pm3+,5I8,,,7131,,,
Pm3+,5I8,,,7152,,,
Pm3+,5F2,,,13031,,,
Pm3+,5F2,,,13076,,,
Pm3+,5F2,,,13091,,,
Pm3+,5F2,,,13156,,,
Pm3+,5F2,,,13170,,,
Pm3+,5F3,,,13853,,,
Pm3+,5F3,,,13900,,,
Pm3+,5F3,,,13918,,,
Pm3+,5F3,,,13952,,,
Pm3+,5F3,,,13965,,,
Pm3+,5F3,,,13998,,,
Pm3+,5F3,,,14020,,,
Pm3+,5I5,,,1667,,,
Pm3+,5I5,,,1710,,,
Pm3+,5I5,,,1717,,,
Pm3+,5I5,,,1769,,,
Pm3+,5I5,,,1769,,,
Pm3+,5I5,,,1810,,,
Pm3+,5I5,,,1812,,,
Pm3+,5I5,,,1821,,,
Pm3+,5I5,,,1828,,,
Pm3+,5I5,,,1829,,,
Pm3+,5I5,,,1845,,,
Pm3+,5I7,,,5042,,,
Pm3+,5I7,,,5045,,,
Pm3+,5I7,,,5059,,,
Pm3+,5I7,,,5060,,,
Pm3+,5I7,,,5066,,,
Pm3+,5I7,,,5074,,,
Pm3+,5I7,,,5078,,,
Pm3+,5I7,,,5084,,,
Pm3+,5I7,,,5086,,,
Pm3+,5I7,,,5090,,,
Pm3+,5I7,,,5110,,,
Pm3+,5I7,,,5114,,,
Pm3+,5I7,,,5116,,,
Pm3+,5I7,,,5143,,,
Pm3+,5I7,,,5149,,,
Pm3+,5S2,,,14525,,,
Pm3+,5S2,,,14529,,,
Pm3+,5S2,,,14529,,,
Pm3+,5S2,,,14529,,,
Pm3+,5S2,,,14530,,,
Pm3+,5F4,,,14804,,,
Pm3+,5F4,,,14837,,,
Pm3+,5F4,,,14892,,,
Pm3+,5F4,,,14894,,,
Pm3+,5F4,,,14895,,,
Pm3+,5F4,,,14898,,,
Pm3+,5F4,,,14926,,,
Pm3+,5F4,,,14965,,,
Pm3+,5F4,,,14998,,,
Pm3+,5F1,,,12650,,,
Pm3+,5F1,,,12671,,,
Pm3+,5F1,,,12684,,,
Pm3+,5F5,,,16145,,,
Pm3+,5F5,,,16148,,,
Pm3+,5F5,,,16149,,,
Pm3+,5F5,,,16151,,,
Pm3+,5F5,,,16212,,,
Pm3+,5F5,,,16226,,,
Pm3+,5F5,,,16249,,,
Pm3+,5F5,,,16250,,,
Pm3+,5F5,,,16273,,,
Pm3+,5F5,,,16307,,,
Pm3+,5F5,,,16322,,,
Pm3+,"5G4,5G3,3K7",,,18045,,,
Pm3+,"5G4,5G3,3K7",,,18066,,,
Pm3+,"5G4,5G3,3K7",,,18068,,,
Pm3+,"5G4,5G3,3K7",,,18076,,,
Pm3+,"5G4,5G3,3K7",,,18079,,,
Pm3+,"5G4,5G3,3K7",,,18104,,,
Pm3+,"5G4,5G3,3K7",,,18104,,,
Pm3+,"5G4,5G3,3K7",,,18126,,,
Pm3+,"5G4,5G3,3K7",,,18147,,,
Pm3+,"5G4,5G3,3K7",,,18252,,,
Pm3+,"5G4,5G3,3K7",,,18316,,,
Pm3+,"5G4,5G3,3K7",,,18364,,,
Pm3+,"5G4,5G3,3K7",,,18381,,,
Pm3+,"5G4,5G3,3K7",,,18408,,,
Pm3+,"5G3,3K7",,,18426,,,
Pm3+,"5G3,3K7",,,18426,,,
Pm3+,"5G3,3K7",,,18444,,,
Pm3+,"5G3,3K7",,,18461,,,
Pm3+,"5G3,3K7",,,18500,,,
Pm3+,"5G3,3K7",,,18508,,,
Pm3+,"5G3,3K7",,,18510,,,
Pm3+,"5G3,3K7",,,18535,,,
Pm3+,"5G3,3K7",,,18536,,,
Pm3+,"5G3,3K7",,,18545,,,
Pm3+,"5G3,3K7",,,18557,,,
Pm3+,"5G3,3K7",,,18559,,,
Pm3+,"5G3,3K7",,,18611,,,
Pm3+,"5G3,3K7",,,18657,,,
Pm3+,"5G3,3K7",,,18665,,,
Pm3+,"5G3,3K7",,,18679,,,
Pm3+,"5G3,3K7",,,18689,,,
Pm3+,"5G5,5G4",,,20243,,,
Pm3+,"5G5,5G4",,,20260,,,
Pm3+,"5G5,5G4",,,20294,,,
Pm3+,"5G5,5G4",,,20303,,,
Pm3+,"5G5,5G4",,,20361,,,
Pm3+,"5G5,5G4",,,20365,,,
Pm3+,"5G5,5G4",,,20366,,,
Pm3+,"5G5,5G4",,,20387,,,
Pm3+,"5G5,5G4",,,20445,,,
Pm3+,"5G5,5G4",,,20463,,,
Pm3+,"5G5,5G4",,,20471,,,
Pm3+,"5G5,5G4",,,20492,,,
Pm3+,"5G5,5G4",,,20532,,,
Pm3+,"5G5,5G4",,,20541,,,
Pm3+,"5G5,5G4",,,20579,,,
Pm3+,"5G5,5G4",,,20592,,,
Pm3+,"5G5,5G4",,,20611,,,
Pm3+,"5G5,5G4",,,20664,,,
Pm3+,"5G5,5G4",,,20700,,,
Pm3+,"5G5,5G4",,,20713,,,
Pm3+,3K8,,,19854,,,
Pm3+,3K8,,,19859,,,
Pm3+,3K8,,,19870,,,
Pm3+,3K8,,,19872,,,
Pm3+,3K8,,,19885,,,
Pm3+,3K8,,,19890,,,
Pm3+,3K8,,,19928,,,
Pm3+,3K8,,,19951,,,
Pm3+,3K8,,,19973,,,
Pm3+,3K8,,,19974,,,
Pm3+,3K8,,,20005,,,
Pm3+,3K8,,,20012,,,
Pm3+,3K8,,,20035,,,
Pm3+,3K8,,,20036,,,
Pm3+,3K8,,,20107,,,
Pm3+,3K8,,,20111,,,
Pm3+,3K8,,,20136,,,
Pm3+,3G3,,,21968,,,
Pm3+,3G3,,,21974,,,
Pm3+,3G3,,,22020,,,
Pm3+,3G3,,,22040,,,
Pm3+,3G3,,,22062,,,
Pm3+,3G3,,,22070,,,
Pm3+,3G3,,,22117,,,
Pm3+,3K6,,,17071,,,
Pm3+,3K6,,,17088,,,
Pm3+,3K6,,,17088,,,
Pm3+,3K6,,,17091,,,
Pm3+,3K6,,,17092,,,
Pm3+,3K6,,,17093,,,
Pm3+,3K6,,,17104,,,
Pm3+,3K6,,,17106,,,
Pm3+,3K6,,,17109,,,
Pm3+,3K6,,,17115,,,
Pm3+,3K6,,,17123,,,
Pm3+,3K6,,,17123,,,
Pm3+,3K6,,,17137,,,
Pm3+,"5G5,5G6",,,22424,,,
Pm3+,"5G5,5G6",,,22429,,,
Pm3+,"5G5,5G6",,,22433,,,
Pm3+,"5G5,5G6",,,22461,,,
Pm3+,"5G5,5G6",,,22469,,,
Pm3+,"5G5,5G6",,,22480,,,
Pm3+,"5G5,5G6",,,22500,,,
Pm3+,"5G5,5G6",,,22503,,,
Pm3+,"5G5,5G6",,,22512,,,
Pm3+,"5G5,5G6",,,22539,,,
Pm3+,"5G5,5G6",,,22563,,,
Pm3+,"5G5,5G6",,,22575,,,
Pm3+,"5G5,5G6",,,22663,,,
Pm3+,"5G5,5G6",,,22683,,,
Pm3+,"5G5,5G6",,,22696,,,
Pm3+,"5G5,5G6",,,22696,,,
Pm3+,"5G5,5G6",,,22754,,,
Pm3+,"5G5,5G6",,,22769,,,
Pm3+,"5G5,5G6",,,22779,,,
Pm3+,"5G5,5G6",,,22827,,,
Pm3+,"5G5,5G6",,,22831,,,
Pm3+,"5G5,5G6",,,22895,,,
Pm3+,"5G5,5G6",,,22909,,,
Pm3+,"5G5,5G6",,,22942,,,
Pm3+,5G2,,,17904,,,
Pm3+,5G2,,,17932,,,
Pm3+,5G2,,,17949,,,
Pm3+,5G2,,,18007,,,
Pm3+,5G2,,,18017,,,
Pm3+,3L7,,,23699,,,
Pm3+,3L7,,,23701,,,
Pm3+,3L7,,,23828,,,
Pm3+,3L7,,,23840,,,
Pm3+,3L7,,,23841,,,
Pm3+,3L7,,,23887,,,
Pm3+,3L7,,,23889,,,
Pm3+,3L7,,,23954,,,
Pm3+,3L7,,,23956,,,
Pm3+,3L7,,,23965,,,
Pm3+,3L7,,,23968,,,
Pm3+,3L7,,,24022,,,
Pm3+,3L7,,,24028,,,
Pm3+,3L7,,,24043,,,
Pm3+,3L7,,,24046,,,
Pm3+,"3H6,3G4,3L8",,,24122,,,
Pm3+,"3H6,3G4,3L8",,,24136,,,
Pm3+,"3H6,3G4,3L8",,,24156,,,
Pm3+,"3H6,3G4,3L8",,,24157,,,
Pm3+,"3H6,3G4,3L8",,,24171,,,
Pm3+,"3H6,3G4,3L8",,,24172,,,
Pm3+,"3H6,3G4,3L8",,,24224,,,
Pm3+,"3H6,3G4,3L8",,,24263,,,
Pm3+,"3H6,3G4,3L8",,,24635,,,
Pm3+,"3H6,3G4,3L8",,,24661,,,
Pm3+,"3H6,3G4,3L8",,,24664,,,
Pm3+,"3H6,3G4,3L8",,,24678,,,
Pm3+,"3H6,3G4,3L8",,,24695,,,
Pm3+,"3H6,3G4,3L8",,,24708,,,
Pm3+,"3H6,3G4,3L8",,,24762,,,
Pm3+,"3H6,3G4,3L8",,,24772,,,
Pm3+,"3H6,3G4,3L8",,,24780,,,
Pm3+,"3H6,3G4,3L8",,,24785,,,
Pm3+,"3H6,3G4,3L8",,,24810,,,
Pm3+,"3H6,3G4,3L8",,,24817,,,
Pm3+,"3H6,3G4,3L8",,,24834,,,
Pm3+,"3H6,3G4,3L8",,,24849,,,
Pm3+,"3H6,3G4,3L8",,,24869,,,
Pm3+,"3H6,3G4,3L8",,,24874,,,
Pm3+,"3H6,3G4,3L8",,,24893,,,
Pm3+,"3H6,3G4,3L8",,,24905,,,
Pm3+,"3H6,3G4,3L8",,,24917,,,
Pm3+,"3H6,3G4,3L8",,,24918,,,
Pm3+,"3H6,3G4,3L8",,,24924,,,
Pm3+,"3H6,3G4,3L8",,,24945,,,
Pm3+,"3H6,3G4,3L8",,,24950,,,
Pm3+,"3H6,3G4,3L8",,,24992,,,
Pm3+,"3H6,3G4,3L8",,,25014,,,
Pm3+,"3H6,3G4,3L8",,,25018,,,
Pm3+,"3H6,3G4,3L8",,,25023,,,
Pm3+,"3H6,3G4,3L8",,,25038,,,
Pm3+,"3H6,3G4,3L8",,,25068,,,
Pm3+,"3H6,3G4,3L8",,,25071,,,
Pm3+,"3H6,3G4,3L8",,,25073,,,
Pm3+,"3H6,3G4,3L8",,,(25816-50000c),,,
Pm3+,3P1,,,24289,,,
Pm3+,3P1,,,24299,,,
Pm3+,3P1,,,24306,,,
Pm3+,3D2,,,23189,,,
Pm3+,3D2,,,23253,,,
Pm3+,3D2,,,23288,,,
Pm3+,3D2,,,23327,,,
Pm3+,3D2,,,23327,,,
Sm3+,6H7/2,1000,,990,10,,
Sm3+,6H7/2,1044,,1027,17,,
Sm3+,6H7/2,1185,,1205,-20,,
Sm3+,6H7/2,1280,,1262,18,,
Sm3+,6H9/2,2209,,2193,16,,
Sm3+,6H9/2,2244,,2233,11,,
Sm3+,6H9/2,2342,,2332,10,,
Sm3+,6H9/2,2409,,2408,1,,
Sm3+,6H9/2,2473,,2468,5,,
Sm3+,6H11/2,3520,,3510,10,,
Sm3+,6H11/2,3568,,3553,15,,
Sm3+,6H11/2,3651,,3628,23,,
Sm3+,6H11/2,3671,,3667,4,,
Sm3+,6H11/2,3727,,3739,-12,,
Sm3+,6H11/2,3791,,3793,-2,,
Sm3+,6H13/2,4972,,4947,25,,
Sm3+,6H13/2,4982,,4975,7,,
Sm3+,6H13/2,5007,,5004,3,,
Sm3+,6H13/2,5046,,5042,4,,
Sm3+,6H13/2,5057,,5059,-2,,
Sm3+,6H13/2,5122,,5114,8,,
Sm3+,6H13/2,5160,,5170,-10,,
Sm3+,"6H15/2,6F1/2",6309,,6300,9,,
Sm3+,"6H15/2,6F1/2",6341,,6334,7,,
Sm3+,"6H15/2,6F1/2",6406,,6417,-11,,
Sm3+,"6H15/2,6F1/2",6460,,6465,-5,,
Sm3+,"6H15/2,6F1/2",,,6472,,,
Sm3+,"6H15/2,6F1/2",,,6553,,,
Sm3+,"6H15/2,6F1/2",6568,,6578,-10,,
Sm3+,"6H15/2,6F1/2",6609,,6605,4,,
Sm3+,"6H15/2,6F1/2",,,6666,,,
Sm3+,6F3/2,6707,,6724,-17,,
Sm3+,6F3/2,,,6738,,,
Sm3+,6F5/2,7177,,7177,0,,
Sm3+,6F5/2,7184,,7190,-6,,
Sm3+,6F5/2,7223,,7239,-16,,
Sm3+,6F7/2,7992,,8008,-16,,
Sm3+,6F7/2,8041,,8026,15,,
Sm3+,6F7/2,8060,,8059,1,,
Sm3+,6F7/2,8092,,8108,-16,,
Sm3+,6F9/2,9170,,9173,-3,,
Sm3+,6F9/2,9178,,9189,-11,,
Sm3+,6F9/2,9228,,9223,5,,
Sm3+,6F9/2,9252,,9243,9,,
Sm3+,6F9/2,9268,,9281,-13,,
Sm3+,6F11/2,10561,,10567,-6,,
Sm3+,6F11/2,10584,,10583,1,,
Sm3+,6F11/2,10592,,10590,2,,
Sm3+,6F11/2,10603,,10621,-18,,
Sm3+,6F11/2,10613,,10633,-20,,
Sm3+,6F11/2,10644,,10656,-12,,
Sm3+,4F3/2,18924,,18933,-9,,
Sm3+,4F3/2,18942,,18951,-9,,
Sm3+,4F3/2,22164,,22178,-14,,
Sm3+,4F3/2,22207,,22213,-6,,
Sm3+,4F3/2,22240,,22254,-14,,
Sm3+,4G7/2,20037,,20041,-4,,
Sm3+,4G7/2,20093,,20094,-1,,
Sm3+,4G7/2,20112,,20123,-11,,
Sm3+,4G7/2,20164,,20168,-4,,
Sm3+,4I9/2,20416,,20406,10,,
Sm3+,4I9/2,20472,,20472,0,,
Sm3+,4I9/2,20499,,20505,-6,,
Sm3+,4I9/2,20522,,20531,-9,,
Sm3+,4I9/2,20570,,20551,19,,
Sm3+,"4M15/2,4I11/2",,,20685,,,
Sm3+,"4M15/2,4I11/2",,,20770,,,
Sm3+,"4M15/2,4I11/2",,,20808,,,
Sm3+,"4M15/2,4I11/2",,,20858,,,
Sm3+,"4M15/2,4I11/2",,,20892,,,
Sm3+,"4M15/2,4I11/2",,,20904,,,
Sm3+,"4M15/2,4I11/2",,,20922,,,
Sm3+,"4M15/2,4I11/2",,,20974,,,
Sm3+,"4M15/2,4I11/2",,,21004,,,
Sm3+,"4M15/2,4I11/2",,,21071,,,
Sm3+,"4M15/2,4I11/2",,,21164,,,
Sm3+,"4M15/2,4I11/2",,,21179,,,
Sm3+,"4M15/2,4I11/2",,,21248,,,
Sm3+,"4M15/2,4I11/2",,,21265,,,
Sm3+,4I13/2,21520,,21541,-21,,
Sm3+,4I13/2,21602,,21602,0,,
Sm3+,4I13/2,21636,,21616,20,,
Sm3+,4I13/2,,,21652,,,
Sm3+,4I13/2,21665,,21649,16,,
Sm3+,4I13/2,21674,,21666,8,,
Sm3+,4I13/2,21706,,21684,22,,
Sm3+,"4M17/2,4G9/2,4I15/2",22501,,22500,1,,
Sm3+,"4M17/2,4G9/2,4I15/2",22531,,22539,-8,,
Sm3+,"4M17/2,4G9/2,4I15/2",22542,,22552,-10,,
Sm3+,"4M17/2,4G9/2,4I15/2",,,22573,,,
Sm3+,"4M17/2,4G9/2,4I15/2",22579,,22581,-2,,
Sm3+,"4M17/2,4G9/2,4I15/2",22628,,22630,-2,,
Sm3+,"4M17/2,4G9/2,4I15/2",22695,,22693,2,,
Sm3+,"4M17/2,4G9/2,4I15/2",,,22738,,,
Sm3+,"4M17/2,4G9/2,4I15/2",,,22770,,,
Sm3+,"4M17/2,4G9/2,4I15/2",22808,,22801,7,,
Sm3+,"4M17/2,4G9/2,4I15/2",22829,,22834,-5,,
Sm3+,"4M17/2,4G9/2,4I15/2",,,22867,,,
Sm3+,"4M17/2,4G9/2,4I15/2",,,22912,,,
Sm3+,"4M17/2,4G9/2,4I15/2",22942,,22943,-1,,
Sm3+,"4M17/2,4G9/2,4I15/2",,,22982,,,
Sm3+,"4M17/2,4G9/2,4I15/2",,,23020,,,
Sm3+,"4M17/2,4G9/2,4I15/2",,,23023,,,
Sm3+,"4M17/2,4G9/2,4I15/2",,,23036,,,
Sm3+,"4M17/2,4G9/2,4I15/2",,,23054,,,
Sm3+,"4M17/2,4G9/2,4I15/2",,,23083,,,
Sm3+,"4M17/2,4G9/2,4I15/2",,,23116,,,
Sm3+,"4M17/2,4G9/2,4I15/2",,,23158,,,
Sm3+,"4M19/2,6P5/2",23988,,23989,-1,,
Sm3+,"4M19/2,6P5/2",24022,,24035,-13,,
Sm3+,"4M19/2,6P5/2",24031,,24068,-37,,
Sm3+,"4M19/2,6P5/2",24064,,24080,-16,,
Sm3+,"4M19/2,6P5/2",24084,,24101,-17,,
Sm3+,"4M19/2,6P5/2",24119,,24126,-7,,
Sm3+,"4M19/2,6P5/2",24135,,24134,1,,
Sm3+,"4M19/2,6P5/2",24153,,24162,-9,,
Sm3+,"4M19/2,6P5/2",,,24169,,,
Sm3+,"4M19/2,6P5/2",,,24181,,,
Sm3+,"4M19/2,6P5/2",,,24186,,,
Sm3+,"4M19/2,6P5/2",,,24207,,,
Sm3+,"4M19/2,6P5/2",,,24218,,,
Sm3+,4L13/2,24608,,24616,-8,,
Sm3+,4L13/2,24629,,24632,-3,,
Sm3+,4L13/2,24631,,24642,-11,,
Sm3+,4L13/2,24644,,24658,-14,,
Sm3+,4L13/2,24679,,24689,-10,,
Sm3+,4L13/2,24683,,24695,-12,,
Sm3+,4L13/2,24710,,24720,-10,,
Sm3+,4F7/2,24911,,24900,11,,
Sm3+,4F7/2,24993,,24987,6,,
Sm3+,4F7/2,25007,,25002,5,,
Sm3+,4F7/2,25064,,25071,-7,,
Sm3+,6P3/2,081,,088,-7,,
Sm3+,6P3/2,,,106,,,
Sm3+,"4G11/2,4M21/2,4M15/2,4H11/2",25166,,25169,-3,,
Sm3+,"4G11/2,4M21/2,4M15/2,4H11/2",25182,,25177,5,,
Sm3+,"4G11/2,4M21/2,4M15/2,4H11/2",25204,,25203,1,,
Sm3+,"4G11/2,4M21/2,4M15/2,4H11/2",25216,,25217,-1,,
Sm3+,"4G11/2,4M21/2,4M15/2,4H11/2",,,25220,,,
Sm3+,"4G11/2,4M21/2,4M15/2,4H11/2",,,25243,,,
Sm3+,"4G11/2,4M21/2,4M15/2,4H11/2",25248,,25259,-11,,
Sm3+,"4G11/2,4M21/2,4M15/2,4H11/2",25282,,25285,-3,,
Sm3+,"4G11/2,4M21/2,4M15/2,4H11/2",,,25308,,,
Sm3+,"4G11/2,4M21/2,4M15/2,4H11/2",,,25343,,,
Sm3+,"4G11/2,4M21/2,4M15/2,4H11/2",,,25398,,,
Sm3+,"4G11/2,4M21/2,4M15/2,4H11/2",,,25439,,,
Sm3+,"4G11/2,4M21/2,4M15/2,4H11/2",,,25476,,,
Sm3+,"4G11/2,4M21/2,4M15/2,4H11/2",,,25543,,,
Sm3+,"4G11/2,4M21/2,4M15/2,4H11/2",,,25565,,,
Sm3+,"4G11/2,4M21/2,4M15/2,4H11/2",25611,,25603,8,,
Sm3+,"4G11/2,4M21/2,4M15/2,4H11/2",25636,,25621,15,,
Sm3+,"4G11/2,4M21/2,4M15/2,4H11/2",25650,,25645,5,,
Sm3+,"4G11/2,4M21/2,4M15/2,4H11/2",25672,,25654,18,,
Sm3+,"4G11/2,4M21/2,4M15/2,4H11/2",25684,,25682,2,,
Sm3+,"4G11/2,4M21/2,4M15/2,4H11/2",,,25698,,,
Sm3+,"4G11/2,4M21/2,4M15/2,4H11/2",25711,,25708,3,,
Sm3+,"4G11/2,4M21/2,4M15/2,4H11/2",25718,,25713,5,,
Sm3+,"4G11/2,4M21/2,4M15/2,4H11/2",25771,,25762,9,,
Sm3+,"4G11/2,4M21/2,4M15/2,4H11/2",25789,,25782,7,,
Sm3+,"4G11/2,4M21/2,4M15/2,4H11/2",25801,,25795,6,,
Sm3+,"4G11/2,4M21/2,4M15/2,4H11/2",25826,,25823,3,,
Sm3+,"4G11/2,4M21/2,4M15/2,4H11/2",25832,,25845,-13,,
Sm3+,"4G11/2,4M21/2,4M15/2,4H11/2",25866,,25866,0,,
Sm3+,"4G11/2,4M21/2,4M15/2,4H11/2",25904,,25882,22,,
Sm3+,"4G11/2,4M21/2,4M15/2,4H11/2",,,25921,,,
Sm3+,"4L17/2,6P7/2",26702,,26694,8,,
Sm3+,"4L17/2,6P7/2",26712,,26705,7,,
Sm3+,"4L17/2,6P7/2",26717,,26718,-1,,
Sm3+,"4L17/2,6P7/2",26743,,26751,-8,,
Sm3+,"4L17/2,6P7/2",26776,,26763,13,,
Sm3+,"4L17/2,6P7/2",26792,,26777,15,,
Sm3+,"4L17/2,6P7/2",26797,,26800,-3,,
Sm3+,"4L17/2,6P7/2",,,26803,,,
Sm3+,"4L17/2,6P7/2",26812,,26812,0,,
Sm3+,"4L17/2,6P7/2",26822,,26826,-4,,
Sm3+,"4L17/2,6P7/2",26859,,26849,10,,
Sm3+,"4L17/2,6P7/2",,,26862,,,
Sm3+,"4L17/2,6P7/2",26874,,26868,6,,
Sm3+,4K13/2,26942,,26931,11,,
Sm3+,4K13/2,26962,,26955,7,,
Sm3+,4K13/2,27003,,26991,12,,
Sm3+,4K13/2,27018,,27014,4,,
Sm3+,4K13/2,27031,,27026,5,,
Sm3+,4K13/2,27061,,27073,-12,,
Sm3+,4K13/2,27120,,27109,11,,
Sm3+,4F9/2,27417,,27381,36,,
Sm3+,4F9/2,27432,,27443,-11,,
Sm3+,4F9/2,27448,,27467,-19,,
Sm3+,4F9/2,27508,,27510,-2,,
Sm3+,4F9/2,,,27552,,,
Sm3+,4D3/2,27648,,27646,2,,
Sm3+,4D3/2,27658,,27654,4,,
Sm3+,4Di/2,26495,,26472,23,,
Sm3+,4P5/2,27691,,27714,-23,,
Sm3+,4P5/2,27734,,27763,-29,,
Sm3+,4P5/2,27758,,27787,-29,,
Sm3+,4P5/2,32800,,32797,3,,
Sm3+,4P5/2,32823,,32824,-1,,
Sm3+,4P5/2,32857,,32856,1,,
Sm3+,"(4K,4L)17/2",29166,,29169,-3,,
Sm3+,"(4K,4L)17/2",,,29183,,,
Sm3+,"(4K,4L)17/2",29195,,29191,4,,
Sm3+,"(4K,4L)17/2",,,29219,,,
Sm3+,"(4K,4L)17/2",,,29238,,,
Sm3+,4H7/2,28247,,28242,5,,
Sm3+,4H7/2,28261,,28252,9,,
Sm3+,4H7/2,28344,,28359,-15,,
Sm3+,4H7/2,28409,,28393,16,,
Sm3+,"4L19/2,4H11/2,4H13/2",29268,,29270,-2,,
Sm3+,"4L19/2,4H11/2,4H13/2",29304,,29298,6,,
Sm3+,"4L19/2,4H11/2,4H13/2",,,29315,,,
Sm3+,"4L19/2,4H11/2,4H13/2",,,29325,,,
Sm3+,"4L19/2,4H11/2,4H13/2",,,29335,,,
Sm3+,"4L19/2,4H11/2,4H13/2",,,29347,,,
Sm3+,"4L19/2,4H11/2,4H13/2",,,29356,,,
Sm3+,"4L19/2,4H11/2,4H13/2",,,29363,,,
Sm3+,"4L19/2,4H11/2,4H13/2",,,29397,,,
Sm3+,"4L19/2,4H11/2,4H13/2",,,29416,,,
Sm3+,"4L19/2,4H11/2,4H13/2",,,29457,,,
Sm3+,"4L19/2,4H11/2,4H13/2",,,29478,,,
Sm3+,"4L19/2,4H11/2,4H13/2",,,29505,,,
Sm3+,"4L19/2,4H11/2,4H13/2",,,29514,,,
Sm3+,"4L19/2,4H11/2,4H13/2",,,29555,,,
Sm3+,"4L19/2,4H11/2,4H13/2",,,29558,,,
Sm3+,"4L19/2,4H11/2,4H13/2",,,29562,,,
Sm3+,"4L19/2,4H11/2,4H13/2",,,29607,,,
Sm3+,"4L19/2,4H11/2,4H13/2",,,29615,,,
Sm3+,"4L19/2,4H11/2,4H13/2",,,29650,,,
Sm3+,"4L19/2,4H11/2,4H13/2",29709,,29681,28,,
Sm3+,"4L19/2,4H11/2,4H13/2",29723,,29693,30,,
Sm3+,"4L19/2,4H11/2,4H13/2",29738,,29738,0,,
Sm3+,4K15/2,28722,,28735,-13,,
Sm3+,4K15/2,28732,,28743,-11,,
Sm3+,4K15/2,28760,,28757,3,,
Sm3+,4K15/2,,,28770,,,
Sm3+,4K15/2,28784,,28783,1,,
Sm3+,4K15/2,28797,,28793,4,,
Sm3+,4K15/2,,,28804,,,
Sm3+,4K15/2,28817,,28823,-6,,
Sm3+,4H9/2,,,28929,,,
Sm3+,4H9/2,28938,,28925,13,,
Sm3+,4H9/2,28981,,28989,-8,,
Sm3+,4H9/2,29035,,29045,-10,,
Sm3+,4H9/2,29055,,29070,-15,,
Sm3+,4H9/2,,,37618,,,
Sm3+,4H9/2,37623,,37607,16,,
Sm3+,4H9/2,37634,,37638,-4,,
Sm3+,4H9/2,37657,,37654,3,,
Sm3+,4H9/2,37679,,37667,12,,
Sm3+,4D7/2,29086,,29098,-12,,
Sm3+,4D7/2,29094,,29108,-14,,
Sm3+,4D7/2,29112,,29115,-3,,
Sm3+,4D7/2,,,29122,,,
Sm3+,"(4K,4L)17/2-",,,137,,,
Sm3+,"(4K,4L)17/2-",,,140,,,
Sm3+,"(4K,4L)17/2-",,,156,,,
Sm3+,"(4K,4L)17/2-",29154,,154,0,,
Sm3+,"4G7/2,4G9/2",30027,,30031,-4,,
Sm3+,"4G7/2,4G9/2",30120,,30118,2,,
Sm3+,"4G7/2,4G9/2",30136,,30159,-23,,
Sm3+,"4G7/2,4G9/2",,,30193,,,
Sm3+,"4G7/2,4G9/2",30216,,30210,6,,
Sm3+,"4G7/2,4G9/2",30235,,30212,23,,
Sm3+,"4G7/2,4G9/2",,,30260,,,
Sm3+,"4G7/2,4G9/2",30293,,30289,4,,
Sm3+,"4G7/2,4G9/2",30332,,30347,-15,,
Sm3+,"2F5/2,2K13/2,4F9/2",,,33548,,,
Sm3+,"2F5/2,2K13/2,4F9/2",33615,,33642,-27,,
Sm3+,"2F5/2,2K13/2,4F9/2",,,33708,,,
Sm3+,"2F5/2,2K13/2,4F9/2",33777,,33787,-10,,
Sm3+,"2F5/2,2K13/2,4F9/2",,,33813,,,
Sm3+,"2F5/2,2K13/2,4F9/2",,,33865,,,
Sm3+,"2F5/2,2K13/2,4F9/2",,,33900,,,
Sm3+,"2F5/2,2K13/2,4F9/2",,,33955,,,
Sm3+,"2F5/2,2K13/2,4F9/2",,,33962,,,
Sm3+,"2F5/2,2K13/2,4F9/2",,,33977,,,
Sm3+,"2F5/2,2K13/2,4F9/2",,,34007,,,
Sm3+,"2F5/2,2K13/2,4F9/2",,,34028,,,
Sm3+,"2F5/2,2K13/2,4F9/2",,,34049,,,
Sm3+,"2F5/2,2K13/2,4F9/2",,,34081,,,
Sm3+,"2F5/2,2K13/2,4F9/2",,,34095,,,
Sm3+,4G5/2,,,30438,,,
Sm3+,4G5/2,,,30508,,,
Sm3+,4G5/2,,,30549,,,
Sm3+,4P1/2,,,31226,,,
Sm3+,"2L15/2,4G11/2,4P3/2",,,31337,,,
Sm3+,"2L15/2,4G11/2,4P3/2",,,31352,,,
Sm3+,"2L15/2,4G11/2,4P3/2",31410,,31394,16,,
Sm3+,"2L15/2,4G11/2,4P3/2",31433,,31445,-12,,
Sm3+,"2L15/2,4G11/2,4P3/2",31463,,31476,-13,,
Sm3+,"2L15/2,4G11/2,4P3/2",31488,,31495,-7,,
Sm3+,"2L15/2,4G11/2,4P3/2",31511,,31504,7,,
Sm3+,"2L15/2,4G11/2,4P3/2",31523,,31513,10,,
Sm3+,"2L15/2,4G11/2,4P3/2",31532,,31530,2,,
Sm3+,"2L15/2,4G11/2,4P3/2",31543,,31558,-15,,
Sm3+,"2L15/2,4G11/2,4P3/2",31583,,31604,-21,,
Sm3+,"2L15/2,4G11/2,4P3/2",31624,,31623,1,,
Sm3+,"2L15/2,4G11/2,4P3/2",,,31630,,,
Sm3+,"2L15/2,4G11/2,4P3/2",,,31682,,,
Sm3+,"2L15/2,4G11/2,4P3/2",,,31707,,,
Sm3+,"2L15/2,4G11/2,4P3/2",31759,,31734,25,,
Sm3+,"2L17/2,4I9/2",,,34341,,,
Sm3+,"2L17/2,4I9/2",,,34358,,,
Sm3+,"2L17/2,4I9/2",,,34386,,,
Sm3+,"2L17/2,4I9/2",,,34426,,,
Sm3+,"2L17/2,4I9/2",,,34434,,,
Sm3+,"2L17/2,4I9/2",34454,,34467,-13,,
Sm3+,"2L17/2,4I9/2",34468,,34468,0,,
Sm3+,"2L17/2,4I9/2",34481,,34488,-7,,
Sm3+,"2L17/2,4I9/2",34497,,34495,2,,
Sm3+,"2L17/2,4I9/2",34519,,34536,-17,,
Sm3+,"2L17/2,4I9/2",,,34552,,,
Sm3+,"2L17/2,4I9/2",,,34590,,,
Sm3+,"2L17/2,4I9/2",,,34612,,,
Sm3+,"2L17/2,4I9/2",,,34654,,,
Sm3+,,,,46,46,,
Sm3+,2G9/2,,,42039,,,
Sm3+,2G9/2,42066,,42072,-6,,
Sm3+,2G9/2,42124,,42104,20,,
Sm3+,2G9/2,42135,,42137,-2,,
Sm3+,2G9/2,42176,,42183,-7,,
Sm3+,2P1/2,,,35846,,,
Sm3+,4I11/2,35890,,35892,-2,,
Sm3+,4I11/2,35905,,35905,0,,
Sm3+,4I11/2,,,35932,,,
Sm3+,4I11/2,35954,,35945,9,,
Sm3+,4I11/2,35996,,35987,9,,
Sm3+,4I11/2,36007,,35999,8,,
Sm3+,4I11/2,36055,,36054,1,,
Sm3+,4I11/2,,,(36315-37273) ^f (39 levels),(36315-37273) ^f (39 levels),,
Sm3+,"2O23/2,4G5/2,4G7/2",42227,,42215,12,,
Sm3+,"2O23/2,4G5/2,4G7/2",42378,,42400,-22,,
Sm3+,"2O23/2,4G5/2,4G7/2",,,42456,,,
Sm3+,"2O23/2,4G5/2,4G7/2",42462,,42472,-10,,
Sm3+,"2O23/2,4G5/2,4G7/2",42486,,42480,6,,
Sm3+,"2O23/2,4G5/2,4G7/2",,,42506,,,
Sm3+,"2O23/2,4G5/2,4G7/2",,,42514,,,
Sm3+,"2O23/2,4G5/2,4G7/2",,,42546,,,
Sm3+,"2O23/2,4G5/2,4G7/2",,,42574,,,
Sm3+,"2O23/2,4G5/2,4G7/2",,,42594,,,
Sm3+,"2O23/2,4G5/2,4G7/2",,,42612,,,
Sm3+,"2O23/2,4G5/2,4G7/2",42616,,42614,2,,
Sm3+,"2O23/2,4G5/2,4G7/2",,,42642,,,
Sm3+,"2O23/2,4G5/2,4G7/2",,,42643,,,
Sm3+,"2O23/2,4G5/2,4G7/2",42658,,42661,-3,,
Sm3+,"2O23/2,4G5/2,4G7/2",,,42668,,,
Sm3+,"2O23/2,4G5/2,4G7/2",,,42699,,,
Sm3+,"2O23/2,4G5/2,4G7/2",42711,,42720,-9,,
Sm3+,"2O23/2,4G5/2,4G7/2",,,42744,,,
Sm3+,"2F7/2,2P3/2",,,38175,,,
Sm3+,"2F7/2,2P3/2",,,38219,,,
Sm3+,"2F7/2,2P3/2",,,38300,,,
Sm3+,"2F7/2,2P3/2",38467,,38461,6,,
Sm3+,"2F7/2,2P3/2",38492,,38485,7,,
Sm3+,"2F7/2,2P3/2",,,38512,,,
Sm3+,"2O21/2,4K15/2",,,809,,,
Sm3+,"2O21/2,4K15/2",,,914,,,
Sm3+,"2O21/2,4K15/2",,,951,,,
Sm3+,"2O21/2,4K15/2",959,,963,-4,,
Er3+,4I15/2,0,,-22,22,,
Er3+,4I15/2,51.2,,27,24,,
Er3+,4I15/2,121.2,,92,30,,
Er3+,4I15/2,199.7,,176,24,,
Er3+,4I15/2,219.4,,193,26,,
Er3+,4I15/2,313.8,,289,25,,
Er3+,4I15/2,400.3,,375,25,,
Er3+,4I15/2,442.9,,420,23,,
Er3+,4F9/2,15391,,15406,-15,,
Er3+,4F9/2,15432,,15443,-11,,
Er3+,4F9/2,15443,,15462,-19,,
Er3+,4F9/2,15474,,15488,-14,,
Er3+,4F9/2,15527,,15538,-11,,
Er3+,4S3/2,18557,,18577,-20,,
Er3+,4S3/2,18588,,18610,-22,,
Er3+,4I13/2,6604,,6612,-8,,
Er3+,4I13/2,6630,,6637,-7,,
Er3+,4I13/2,6670,,6686,-16,,
Er3+,4I13/2,6700,,6699,1,,
Er3+,4I13/2,6723,,6732,-9,,
Er3+,4I13/2,6754,,6771,-17,,
Er3+,4I13/2,6823,,6830,-7,,
Er3+,2H11/2,19266,,19299,-33,,
Er3+,2H11/2,19307,,19324,-17,,
Er3+,2H11/2,19314,,19344,-30,,
Er3+,2H11/2,19363,,19371,-8,,
Er3+,2H11/2,19367,,19379,-12,,
Er3+,2H11/2,19419,,19430,-11,,
Er3+,4I11/2,10301,,10300,1,,
Er3+,4I11/2,10301,,10300,1,,
Er3+,4I11/2,10311,,10314,-3,,
Er3+,4I11/2,10330,,10336,-6,,
Er3+,4I11/2,10344,,10351,-7,,
Er3+,4I11/2,10358,,10364,-6,,
Er3+,4I11/2,10395,,10405,-10,,
Er3+,4F7/2,20656,,20654,2,,
Er3+,4F7/2,20703,,20697,6,,
Er3+,4F7/2,20734,,20735,-1,,
Er3+,4F7/2,20786,,20790,-4,,
Er3+,4F7/2,39454,,39460,-6,,
Er3+,4F7/2,39537,,39540,-3,,
Er3+,4F7/2,39603,,39605,-2,,
Er3+,4F7/2,39634,,39630,4,,
Er3+,4F5/2,22370,,22380,-10,,
Er3+,4F5/2,22374,,22389,-15,,
Er3+,4F5/2,22407,,22414,-7,,
Er3+,4I9/2,12419,,12392,27,,
Er3+,4I9/2,12518,,12512,6,,
Er3+,4I9/2,12615,,12596,19,,
Er3+,4I9/2,12701,,12681,20,,
Er3+,4I9/2,12730,,12720,10,,
Er3+,4F3/2,22684,,22692,-8,,
Er3+,4F3/2,22751,,22748,3,,
Er3+,2G9/2,24602,,24587,15,,
Er3+,2G9/2,24680,,24698,-18,,
Er3+,2G9/2,24754,,24755,-1,,
Er3+,2G9/2,24840,,24831,9,,
Er3+,2G9/2,24862,,24864,-2,,
Er3+,2G7/2,28239,,28233,16,,
Er3+,2G7/2,,,28246,,,
Er3+,2G7/2,28255,,28237,18,,
Er3+,2G7/2,28264,,28250,14,,
Er3+,2P3/2,31695,,31723,-28,,
Er3+,2P3/2,31752,,31786,-34,,
Er3+,4G11/2,(621),,26637,,,
Er3+,4G11/2,26526,,26534,-8,,
Er3+,4G11/2,26554,,26559,-5,,
Er3+,4G11/2,26582,,26586,-4,,
Er3+,4G11/2,26647,,26640,7,,
Er3+,4G11/2,26707,,26700,7,,
Er3+,2K13/2,33107,,33086,21,,
Er3+,2K13/2,33116,,33106,10,,
Er3+,2K13/2,33141,,33154,-13,,
Er3+,2K13/2,33163,,33161,2,,
Er3+,2K13/2,33186,,33196,-10,,
Er3+,2K13/2,,,33228,,,
Er3+,2K13/2,33397,,33405,-8,,
Er3+,4G9/2,27602,,27608,-6,,
Er3+,4G9/2,27616,,27615,1,,
Er3+,4G9/2,27628,,27625,3,,
Er3+,4G9/2,27641,,27637,4,,
Er3+,4G9/2,27668,,27660,8,,
Er3+,2P1/2,33346.,,33350,-4,,
Er3+,2K15/2,27817,,27826,-9,,
Er3+,2K15/2,27827,,27838,-11,,
Er3+,2K15/2,27872,,27877,-5,,
Er3+,2K15/2,27898,,27893,5,,
Er3+,2K15/2,27933,,27932,1,,
Er3+,2K15/2,,,27978,,,
Er3+,2K15/2,,,28014,,,
Er3+,2K15/2,28125,,28132,-7,,
Er3+,4G5/2,,,33510,,,
Er3+,4G5/2,,,33522,,,
Er3+,4G5/2,,,33628,,,
Er3+,4G7/2,34159,,34154,5,,
Er3+,4G7/2,34197,,34182,15,,
Er3+,4G7/2,34222,,34215,7,,
Er3+,4G7/2,34280,,34271,9,,
Er3+,2D5/2,35026,,35043,-17,,
Er3+,2D5/2,35052,,35052,0,,
Er3+,2D5/2,35085,,35091,-6,,
Er3+,2D5/2,49223,,49178,45,,
Er3+,2D5/2,49272,,49248,24,,
Er3+,2D5/2,49357,,49321,36,,
Er3+,2L17/2,41680,,41720,-40,,
Er3+,2L17/2,41783,,41822,-39,,
Er3+,2L17/2,,,41801,,,
Er3+,2L17/2,41802,,41832,-30,,
Er3+,2L17/2,,,41861,,,
Er3+,2L17/2,,,41922,,,
Er3+,2L17/2,41934,,41957,-23,,
Er3+,2L17/2,42002,,42045,-43,,
Er3+,2L17/2,,,42054,,,
Er3+,2H9/2,36520,,36526,-6,,
Er3+,2H9/2,36556,,36549,7,,
Er3+,2H9/2,36623,,36637,-14,,
Er3+,2H9/2,36720,,36729,-9,,
Er3+,2H9/2,36804,,36796,8,,
Er3+,2H9/2,,,48306,,,
Er3+,2H9/2,,,48349,,,
Er3+,2H9/2,,,48394,,,
Er3+,2H9/2,,,48438,,,
Er3+,2H9/2,,,48461,,,
Er3+,4D3/2,42499,,42484,15,,
Er3+,4D3/2,42529,,42517,12,,
Er3+,4D5/2,38807,,38815,-8,,
Er3+,4D5/2,38837,,38858,-21,,
Er3+,4D5/2,38844,,38863,-19,,
Er3+,2D3/2,43090,,43108,-18,,
Er3+,2D3/2,43127,,43138,-11,,
Er3+,2I13/2,43686,,43672,14,,
Er3+,2I13/2,43742,,43725,17,,
Er3+,2I13/2,43759,,43750,9,,
Er3+,2I13/2,43770,,43769,1,,
Er3+,2I13/2,43833,,43815,18,,
Er3+,2I13/2,43914,,43898,16,,
Er3+,2I13/2,,,43956,,,
Er3+,2I11/2,41237,,41211,26,,
Er3+,2I11/2,41294,,41269,25,,
Er3+,2I11/2,41313,,41304,9,,
Er3+,2I11/2,41380,,41352,28,,
Er3+,2I11/2,41395,,41375,20,,
Er3+,2I11/2,41493,,41466,27,,
Er3+,4D1/2,,,47347,,,
Er3+,2L15/2,47891,,47891,0,,
Er3+,2L15/2,47951,,47922,29,,
Er3+,2L15/2,,,47990,,,
Er3+,2L15/2,,,48007,,,
Er3+,2L15/2,48071,,48066,5,,
Er3+,2L15/2,,,48083,,,
Er3+,2L15/2,,,48168,,,
Er3+,2L15/2,,,48199,,,
Tm3+,3H6,0,0,-4,4,,
Tm3+,3H6,67,67,66,1,,
Tm3+,3H6,,74,76,,,
Tm3+,3H6,118,156,131,-13,,
Tm3+,3H6,,235,193,,,
Tm3+,3H6,,204,197,,,
Tm3+,3H6,,272,254,,,
Tm3+,3H6,,274,273,,,
Tm3+,3H6,,354,346,,,
Tm3+,3H6,,400,386,,,
Tm3+,3H6,,418,399,,,
Tm3+,3H6,,441,420,,,
Tm3+,3H6,--,349,339,,,
Tm3+,3H5,8338,8365,8337,1,,
Tm3+,3H5,8366,8395,8368,-2,,
Tm3+,3H5,8400,8451,8415,-15,,
Tm3+,3H5,,8460,8442,,,
Tm3+,3H5,,8470,8446,,,
Tm3+,3H5,,8481,8464,,,
Tm3+,3H5,,8522,8499,,,
Tm3+,3H5,8550,8581,8562,-12,,
Tm3+,3H5,,8589,8568,,,
Tm3+,3H4,12561,12547,12553,8,,
Tm3+,3H4,12570,12597,12578,-8,,
Tm3+,3H4,12700,12678,12690,10,,
Tm3+,3H4,12727,12734,12719,8,,
Tm3+,3H4,,12784,12770,,,
Tm3+,3H4,,12832,12824,,,
Tm3+,3H4,12825,12826,12819,6,,
Tm3+,3H4,12868,12880,12863,5,,
Tm3+,3H4,,12909,12890,,,
Tm3+,3F3,14508,14514,14522,-14,,
Tm3+,3F3,,14530,14537,,,
Tm3+,3F3,14539,14534,14538,1,,
Tm3+,3F3,14554,14550,14556,-2,,
Tm3+,3F3,14588,14582,14588,0,,
Tm3+,3F3,14596,14590,14593,3,,
Tm3+,3F3,,14622,14627,,,
Tm3+,3F2,15138,15153,15144,-6,,
Tm3+,3F2,15169,15180,15171,-2,,
Tm3+,3F2,15207,15200,15193,14,,
Tm3+,3F2,15240,15254,15240,0,,
Tm3+,3F2,,15266,15264,,,
Tm3+,1G4,21037,21016,21041,-4,,
Tm3+,1G4,21196,21193,21198,-2,,
Tm3+,1G4,21309,21300,21319,-10,,
Tm3+,1G4,21349,21335,21339,10,,
Tm3+,1G4,21366,21362,21372,-6,,
Tm3+,1G4,21380,21364,21382,-2,,
Tm3+,1G4,,21425,21406,,,
Tm3+,1G4,,21508,21511,,,
Tm3+,1G4,21519,21511,21512,7,,
Tm3+,1G4,21519,21511,21512,7,,
Tm3+,1D2,28021,28022,28024,-3,,
Tm3+,1D2,28034,28023,28024,10,,
Tm3+,1D2,28057,28041,28049,8,,
Tm3+,1D2,28088,28074,28088,0,,
Tm3+,1D2,28106,28100,28114,-8,,
Tm3+,1D2,28106,28100,28114,-8,,
Tm3+,1I6,34769,34781,34772,-3,,
Tm3+,1I6,34896,34906,34906,-10,,
Tm3+,1I6,,35000,34997,,,
Tm3+,1I6,,35022,35015,,,
Tm3+,1I6,,35078,35106,,,
Tm3+,1I6,35107,35079,35109,-2,,
Tm3+,1I6,35160,35149,35143,17,,
Tm3+,1I6,,35201,35184,,,
Tm3+,1I6,,35216,35226,,,
Tm3+,1I6,,35217,35234,,,
Tm3+,1I6,,35257,35253,,,
Tm3+,1I6,,35272,35270,,,
Tm3+,1I6,,34808,/95,,,
Tm3+,3P1,36531,36502,36525,6,,
Tm3+,3P1,36587,36549,36575,12,,
Tm3+,3P1,,36588,36624,12,,
Tm3+,3P1,,,,12,,
Tm3+,3P2,38250,38225,38244,6,,
Tm3+,3P2,38291,38266,38290,1,,
Tm3+,3P2,38336,38296,38326,10,,
Tm3+,3P2,38414,38415,38427,-13,,
Tm3+,3P2,38451,38426,38464,-13,,
Tm3+,3P0,35604,35588,35624,-20,,
Tm3+,1S0,,75158,75025,,,
Pr3+,3H4,0,0,0.2,0,,
Pr3+,3H4,57,90,071,-14,,
Pr3+,3H4,71,95,095,-24,,
Pr3+,3H4,136,124,138,-2,,
Pr3+,3H4,195,144,183,12,,
Pr3+,3H4,204,226,221,-17,,
Pr3+,3H4,322,305,333,-11,,
Pr3+,3H4,,386,444,,,
Pr3+,3H4,(508),479,463,,,
Pr3+,3H5,,2160,2126,,,
Pr3+,3H5,,2184,2158,,,
Pr3+,3H5,2179,2188,2191,-12,,
Pr3+,3H5,2272,2281,2284,-12,,
Pr3+,3H5,2299,2289,2290,9,,
Pr3+,3H5,2304,2294,2295,9,,
Pr3+,3H5,2354,2327,2318,36,,
Pr3+,3H5,2412,2363,2399,13,,
Pr3+,3H5,2431,2441,2412,19,,
Pr3+,3H5,2457,2442,2438,19,,
Pr3+,3H5,2567,2538,2540,27,,
Pr3+,3H6,,4220,4179,,,
Pr3+,3H6,4223,4230,4200,23,,
Pr3+,3H6,4268,4319,4283,-15,,
Pr3+,3H6,4305,4381,4321,-16,,
Pr3+,3H6,4388,4414,4384,4,,
Pr3+,3H6,4440,4473,4467,-27,,
Pr3+,3H6,,4494,4478,,,
Pr3+,3H6,4508,4507,4496,12,,
Pr3+,3H6,4529,4545,4508,21,,
Pr3+,3H6,4581,4621,4590,-9,,
Pr3+,3H6,4673,4713,4693,-20,,
Pr3+,3H6,,4715,4712,,,
Pr3+,3H6,4785,4821,4814,-29,,
Pr3+,3F2,5137,5130,5145,-8,,
Pr3+,3F2,5182,5153,5182,0,,
Pr3+,3F2,5201,5180,5185,16,,
Pr3+,3F2,5275,5245,5270,5,,
Pr3+,3F2,5280,5263,5276,4,,
Pr3+,3F2,5280,5263,5276,4,,
Pr3+,3F3,6453,6420,6456,-3,,
Pr3+,3F3,6495,6481,6490,5,,
Pr3+,3F3,6499,6489,6508,-9,,
Pr3+,3F3,6587,6562,6579,8,,
Pr3+,3F3,6602,6576,6600,2,,
Pr3+,3F3,6622,6602,6628,-6,,
Pr3+,3F3,6722,6701,6740,-18,,
Pr3+,3F4,6927,6907,6918,9,,
Pr3+,3F4,,6920,6936,,,
Pr3+,3F4,6946,6944,6950,-4,,
Pr3+,3F4,6946,6958,6953,-7,,
Pr3+,3F4,,6956,6952,,,
Pr3+,3F4,6980,6996,6983,-3,,
Pr3+,3F4,7029,7000,7034,-5,,
Pr3+,3F4,7104,7084,7096,8,,
Pr3+,3F4,7165,7129,7152,13,,
Pr3+,1G4,10005,19979,19996,9,,
Pr3+,1G4,10042,10031,10030,12,,
Pr3+,1G4,10163,10154,10150,13,,
Pr3+,1G4,10499,10477,10516,-17,,
Pr3+,1G4,10499,10477,10516,-17,,
Pr3+,1G4,19716,19720,19721,-5,,
Pr3+,1G4,19751,19761,19762,-11,,
Pr3+,1G4,19876,19840,19860,16,,
Pr3+,1G4,19912,19936,19927,-15,,
Pr3+,1G4,,19937,19958,,,
Pr3+,1D2,16873,16879,16887,-14,,
Pr3+,1D2,16893,16925,16895,-2,,
Pr3+,1D2,17083,17072,17082,1,,
Pr3+,1D2,,17095,17117,,,
Pr3+,1D2,17183,17149,17170,13,,
Pr3+,1D2,17183,17149,17170,13,,
Pr3+,3P0,20927,20942,20911,16,,
Pr3+,3P0,20927,20942,20911,16,,
Pr3+,1I6,,21541,.570,,,
Pr3+,1I6,,21619,637,,,
Pr3+,1I6,,21738,804,,,
Pr3+,1I6,21279,21276,21284,-5,,
Pr3+,1I6,,21313,21304,,,
Pr3+,1I6,21331,21320,21340,-9,,
Pr3+,1I6,21404,21398,21390,14,,
Pr3+,1I6,21418,21440,21406,12,,
Pr3+,1I6,,21447,21481,,,
Pr3+,1I6,21585,21598,588,-3,,
Pr3+,1I6,21668,21650,666,2,,
Pr3+,1I6,21897,21852,21889,8,,
Pr3+,1I6,21942,21905,21958,-16,,
Pr3+,3P1,.567,556,592,-25,,
Pr3+,3P1,475,472,.487,-12,,
Pr3+,3P1,522,532,519,3,,
Pr3+,3P2,22691,22607,22668,23,,
Pr3+,3P2,22714,22664,22704,10,,
Pr3+,3P2,22734,22673,22738,-4,,
Pr3+,3P2,22772,22725,22787,-15,,
Pr3+,3P2,22819,22767,22817,2,,
Pr3+,1S0,46965,46961,46965,0,,
