# Source: W. T. Carnall, H. Crosswhite, H. M. Crosswhite,
#   "Energy level structure and transition probabilities in the spectra of the
#    trivalent lanthanides in LaF3", Argonne National Laboratory, ANL-78-XX-95 (1978).
#   DOI: 10.2172/6417825 ; OSTI: https://www.osti.gov/biblio/6417825
# Table: APPENDIX VII TABLE 2, "U(K)**2 for Eu3+" (matrix elements of the squared unit
#   tensor operators for pairs of J levels of Eu3+:LaF3; pages ~131-143 of the PDF).
# Digitized: 2026-10-03 (fBlockKit anchor-digitization).
# Method: MinerU 4.0.10 markdown tables (two column layouts unified); numbers printed
#   as given (including printed 0.0); rows for which the original prints no entry are
#   ABSENT by the table convention stated in the report (missing entry = matrix element zero).
# Cross-check: sampled against the archive PDF text layer; key rows compared with the
#   Carnall 1968 aquo-ion U table (differences only in the last printed digit, e.g.
#   j1=0->j2=2 U2: 0.1374 here vs 0.1375 for the aquo ion) - both stored as printed.
# Columns: j1, level1_cm1, j2, level2_cm1, U2_sq, U4_sq, U6_sq.
#   level columns: level energy in vacuum cm-1 (empty cell = omitted in original print).
j1,level1_cm1,j2,level2_cm1,U2_sq,U4_sq,U6_sq
0,0,2,1026,0.1374,0.0,0.0
0,0,4,2823,0.0,0.1402,0.0
0,0,4,27586,0.0,0.0011,0.0
0,0,6,4907,0.0,0.0,0.1450
0,0,6,25325,0.0,0.0,0.0153
0,0,6,26752,0.0,0.0,0.0037
0,17293,2,1026,0.0032,0.0,0.0
0,17293,2,21483,0.0142,0.0,0.0
0,17293,2,26392,0.0146,0.0,0.0
0,17293,4,2823,0.0,0.0023,0.0
0,17293,4,26735,0.0,0.0359,0.0
0,17293,4,27586,0.0,0.0134,0.0
0,17293,6,25325,0.0,0.0,0.2384
0,17293,6,26752,0.0,0.0,0.2212
1,372,1,372,0.1541,0.0,0.0
1,372,1,19027,0.0025,0.0,0.0
1,372,2,1026,0.0518,0.0,0.0
1,372,3,1866,0.2092,0.1281,0.0
1,372,3,24355,0.0004,0.0012,0.0
1,372,3,26622,0.0002,0.0012,0.0
1,372,4,2823,0.0,0.1741,0.0
1,372,5,3849,0.0,0.1192,0.0544
1,372,5,26763,0.0,0.0004,0.0097
1,372,6,4907,0.0,0.0,0.3774
1,372,6,25325,0.0,0.0,0.0091
1,372,6,26752,0.0,0.0,0.0049
1,372,7,26357,0.0,0.0,0.0181
1,19027,1,19027,0.0133,0.0,0.0
1,19027,2,21483,0.0122,0.0,0.0
1,19027,2,26392,0.0209,0.0,0.0
1,19027,3,1866,0.0038,0.0019,0.0
1,19027,3,24355,0.0183,0.0059,0.0
1,19027,3,26622,0.0164,0.0594,0.0
1,19027,4,2823,0.0,0.0028,0.0
1,19027,4,27586,0.0,0.0078,0.0
1,19027,5,26763,0.0,0.0484,0.2332
1,19027,6,25325,0.0,0.0,0.1479
1,19027,6,26752,0.0,0.0,0.5717
1,19027,7,26357,0.0,0.0,0.2020
2,1026,2,1026,0.1000,0.1219,0.0
2,1026,2,21483,0.0018,0.0015,0.0
2,1026,3,1866,0.1863,0.2124,0.0
2,1026,3,24355,0.0002,0.0020,0.0
2,1026,4,2823,0.2226,0.0062,0.0329
2,1026,4,26735,0.0000,0.0007,0.0078
2,1026,5,3849,0.0,0.3153,0.2089
2,1026,5,26763,0.0,0.0003,0.0046
2,1026,6,4907,0.0,0.0477,0.4696
2,1026,6,26752,0.0,0.0000,0.0019
2,1026,7,26357,0.0,0.0,0.0110
2,1026,8,27244,0.0,0.0,0.0193
2,21483,2,21483,0.0011,0.0069,0.0
2,21483,2,26392,0.0086,0.0482,0.0
2,21483,3,1866,0.0023,0.0026,0.0
2,21483,3,24355,0.0351,0.0126,0.0
2,21483,3,26622,0.0305,0.0031,0.0
2,21483,4,2823,0.0020,0.0003,0.0000
2,21483,4,26735,0.0267,0.0320,0.2210
2,21483,4,27586,0.0042,0.0003,0.0040
2,21483,5,3849,0.0,0.0016,0.0000
2,21483,5,26763,0.0,0.0008,0.3829
2,21483,6,25325,0.0,0.0041,0.1586
2,21483,6,26752,0.0,0.0343,0.1586
2,21483,7,26357,0.0,0.0,0.2479
2,21483,8,27244,0.0,0.0,0.2481
2,26392,2,26392,0.0784,0.0032,0.0
2,26392,3,24355,0.0017,0.0373,0.0
2,26392,3,26622,0.1097,0.0215,0.0
2,26392,4,2823,0.0000,0.0000,0.0019
2,26392,4,26735,0.0225,0.0279,0.0057
2,26392,4,27586,0.0005,0.0040,0.4282
2,26392,5,26763,0.0,0.0067,0.1056
2,26392,6,25325,0.0,0.0480,0.4599
2,26392,6,26752,0.0,0.0004,0.0192
2,26392,7,26357,0.0,0.0,0.5130
2,26392,8,27244,0.0,0.0,0.0853
3,1866,3,1866,0.0275,0.0260,0.0281
3,1866,3,24355,0.0010,0.0005,0.0000
3,1866,3,26622,0.0000,0.0004,0.0048
3,1866,4,2823,0.3880,0.1352,0.1588
3,1866,4,26735,0.0002,0.0001,0.0030
3,1866,5,3849,0.1754,0.2527,0.3836
3,1866,5,26763,0.0000,0.0011,0.0005
3,1866,6,4907,0.0,0.2310,0.4135
3,1866,6,25325,0.0,0.0000,0.0013
3,1866,6,26752,0.0,0.0004,0.0102
3,1866,8,27244,0.0,0.0,0.0092
3,1866,9,27960,0.0,0.0,0.0168
3,24355,3,24355,0.0149,0.0023,0.0031
3,24355,3,26622,0.0115,0.0229,0.2656
3,24355,4,2823,0.0039,0.0002,0.0000
3,24355,4,26735,0.0215,0.0005,0.3633
3,24355,4,27586,0.0592,0.0063,0.0030
3,24355,5,3849,0.0001,0.0014,0.0000
3,24355,5,26763,0.0328,0.0174,0.2023
3,24355,6,25325,0.0,0.0000,0.0164
3,24355,6,26752,0.0,0.0097,0.0500
3,24355,7,26357,0.0,0.0067,0.1349
3,24355,8,27244,0.0,0.0,0.3256
3,24355,9,27960,0.0,0.0,0.3477
3,26622,3,26622,0.0227,0.0017,0.0644
3,26622,4,26735,0.1414,0.0745,0.1508
3,26622,4,27586,0.0021,0.0129,0.2131
3,26622,5,3849,0.0000,0.0000,0.0010
3,26622,5,26763,0.0292,0.0508,0.0086
3,26622,6,4907,0.0,0.0000,0.0020
3,26622,6,25325,0.0,0.0155,0.3677
3,26622,6,26752,0.0,0.0019,0.1249
3,26622,7,26357,0.0,0.1106,0.1248
3,26622,8,27244,0.0,0.0,0.5665
3,26622,9,27960,0.0,0.0,0.1166
4,2823,4,2823,0.0117,0.2841,0.3528
4,2823,4,26735,0.0002,0.0009,0.0005
4,2823,4,27586,0.0005,0.0006,0.0002
4,2823,5,3849,0.5684,0.0128,0.4412
4,2823,5,26763,0.0001,0.0000,0.0059
4,2823,6,4907,0.0856,0.5145,0.2691
4,2823,6,25325,0.0000,0.0002,0.0046
4,2823,6,26752,0.0001,0.0020,0.0048
4,2823,7,26357,0.0,0.0000,0.0080
4,2823,8,27244,0.0,0.0000,0.0040
4,2823,9,27960,0.0,0.0,0.0052
4,2823,10,28427,0.0,0.0,0.0093
4,26735,4,26735,0.0407,0.0000,0.0116
4,26735,4,27586,0.0156,0.0381,0.1108
4,26735,5,3849,0.0009,0.0000,0.0036
4,26735,5,26763,0.0982,0.1241,0.0505
4,26735,6,4907,0.0000,0.0003,0.0020
4,26735,6,25325,0.0094,0.0297,0.1569
4,26735,6,26752,0.0279,0.0538,0.0001
4,26735,7,26357,0.0,0.0070,0.2662
4,26735,8,27244,0.0,0.1897,0.1232
4,26735,9,27960,0.0,0.0,0.8211
4,26735,10,28427,0.0,0.0,0.0161
4,27586,4,27586,0.0817,0.0022,0.0068
4,27586,5,3849,0.0034,0.0004,0.0003
4,27586,5,26763,0.0825,0.0322,0.0384
4,27586,6,4907,0.0012,0.0000,0.0000
4,27586,6,25325,0.0005,0.0020,0.0166
4,27586,6,26752,0.0363,0.0028,0.0000
4,27586,7,26357,0.0,0.0023,0.0608
4,27586,8,27244,0.0,0.0001,0.1575
4,27586,9,27960,0.0,0.0,0.1547
4,27586,10,28427,0.0,0.0,0.6379
5,3849,5,3849,0.2762,0.2063,0.3225
5,3849,5,26763,0.0020,0.0002,0.0047
5,3849,6,4907,0.5410,0.6451,0.1213
5,3849,6,26752,0.0001,0.0016,0.0026
5,3849,7,26357,0.0000,0.0002,0.0073
5,3849,8,27244,0.0,0.0000,0.0176
5,3849,9,27960,0.0,0.0002,0.0176
5,3849,10,28427,0.0,0.0,0.0015
5,26763,5,26763,0.0511,0.0008,0.0186
5,26763,6,4907,0.0010,0.0011,0.0012
5,26763,6,25325,0.0070,0.0403,0.0405
5,26763,6,26752,0.0743,0.1716,0.0025
5,26763,7,26357,0.0163,0.0692,0.1518
5,26763,8,27244,0.0,0.0134,0.3016
5,26763,9,27960,0.0,0.2596,0.4888
5,26763,10,28427,0.0,0.0,0.6377
6,4907,6,4907,1.2029,0.3940,0.0294
6,4907,6,26752,0.0085,0.0022,0.0003
6,4907,7,26357,0.0000,0.0001,0.0013
6,4907,8,27244,0.0000,0.0003,0.0074
6,4907,9,27960,0.0,0.0000,0.0242
6,4907,10,28427,0.0,0.0020,0.0524
6,25325,6,25325,0.0050,0.9355,0.1758
6,25325,6,26752,0.0019,0.0328,0.0009
6,25325,7,26357,0.0147,0.3310,0.1468
6,25325,8,27244,0.0076,0.0725,0.1020
6,25325,9,27960,0.0,0.0000,0.0046
6,25325,10,28427,0.0,0.0067,0.0563
6,26752,6,26752,0.1047,0.0578,0.0094
6,26752,7,26357,0.0004,0.0612,0.0509
6,26752,8,27244,0.0177,0.0480,0.0601
6,26752,9,27960,0.0,0.0384,0.3009
6,26752,10,28427,0.0,0.2938,1.4460
7,26357,7,26357,0.0152,0.6740,0.0269
7,26357,8,27244,0.0249,0.4856,0.1671
7,26357,9,27960,0.0083,0.0804,0.1032
7,26357,10,28427,0.0,0.0000,0.0313
8,27244,8,27244,0.0176,0.7179,0.0175
8,27244,9,27960,0.0345,0.5312,0.1917
8,27244,10,28427,0.0055,0.0466,0.1105
9,27960,9,27960,0.0110,1.0574,0.0513
9,27960,10,28427,0.0379,0.4237,0.2855
10,28427,10,28427,0.0002,1.8415,0.4018
