# Source: W. T. Carnall, P. R. Fields, K. Rajnak, "Electronic Energy Levels of the
#   Trivalent Lanthanide Aquo Ions. I. Pr3+, Nd3+, Pm3+, Sm3+, Dy3+, Ho3+, Er3+, and Tm3+",
#   J. Chem. Phys. 49, 4424-4442 (1968). DOI: 10.1063/1.1669893
# Tables: TABLE IV (Pr), V (Nd), VI (Pm), VII (Sm), VIII (Dy), IX (Ho), XI (Er),
#   XII (Tm) -- "Energy-level assignments and matrix elements of U(lambda) ... (aq)".
# Digitized: 2026-10-03 (fBlockKit anchor-digitization).
# Method: MinerU 4.0.10 markdown (HTML tables), cross-checked against 170 dpi page renders
#   (digit positions of every J label adjudicated on rendered crops where the conversion
#   had misread them; the scan systematically renders 3/5/9 as 8). Values as printed;
#   thousands-spaces joined ("2 360" -> "2360"); superscript footnote letters moved to the
#   note column; "..." = not observed (empty cell); "~0" kept verbatim.
# SLJ corrections applied (21 entries; each adjudicated on the page render or, where noted,
#   by the unique J-coverage of the term plus the sheet-wide 3->8 misread pattern):
#   Nd: 4S8/2->4S3/2, 4D8/2->4D3/2, 2I18/2->2I13/2, 2D8/2->2D3/2;
#   Pm: 5S3->5S2, 3P9->3P0, 1L3->1L8;
#   Sm: 4F8/2->4F3/2, 4I18/2->4I13/2, 6P8/2->6P3/2, 4K18/2->4K13/2, 4G6/2->4G5/2,
#       4P8/2->4P3/2, and the second 2K15/2 (E=43028) -> 4K15/2;
#   Dy: 4I18/2->4I13/2, 6P8/2->6P7/2, 4F8/2->4F3/2, 4F6/2->4F5/2;
#   Ho: 5F6->5F5;  Er: 2K18/2->2K13/2, 4D8/2->4D3/2.
# Source-level print inconsistency kept as printed: the Dy 5I7 and Er 2I13/2 and Sm 2G9/2
#   dE rows do not satisfy dE = E_exptl - E_calc (-13 vs -14.2; 167 without sign; 49 vs 59).
#   env2_label note: for Sm the second environment printed in the table is LaCl3 (not the
#   ethylsulfate); the label is recorded as printed in the source table header.
# Columns: ion; slj (terminal state); e_exptl/e_calc/delta_e (aquo, cm-1); u2/u4/u6 squared
#   reduced matrix elements (dimensionless); env2_label and env2_* = the second environment
#   printed in the same table where present (Nd: LaCl3; Sm: Sm(C2H5SO4)3.9H2O; Dy/Ho: LaCl3;
#   Tm: Tm(C2H5SO4)3.9H2O); empty for single-environment tables (Pr, Pm, Er).
#   Final row per environment: rms deviation (cm-1).
ion,slj,e_exptl,e_calc,delta_e,u2,u4,u6,env2_label,env2_e_exptl,env2_e_calc,env2_delta_e,note
Pr3+,3H4,200,245,-45,,,,,,,,aquo E_exptl superscript °
Pr3+,3H5,2360,2322,38,0.1095,0.2017,0.6109,,,,,aquo E_exptl superscript °
Pr3+,3H6,4500,4496,4,0.0001,0.0330,0.1395,,,,,aquo E_exptl superscript d
Pr3+,3F2,5200,5149,51,0.5089,0.4032,0.1177,,,,,aquo E_exptl superscript d
Pr3+,3F3,6500,6540,-40,0.0654,0.3469,0.6983,,,,,
Pr3+,3F4,6950,6973,-23,0.0187,0.0500,0.4849,,,,,
Pr3+,1G4,9900,9885,15,0.0012,0.0072,0.0266,,,,,
Pr3+,1D2,16840,16840,0,0.0026,0.0170,0.0520,,,,,
Pr3+,3P0,20750,20706,44,0,0.1728,0,,,,,
Pr3+,3P1,21300,21330,-30,0,0.1707,0,,,,,
Pr3+,1I6,21500,21500,0,0.0093,0.0517,0.0239,,,,,
Pr3+,3P2,22520,22535,-15,~0,0.0362,0.1355,,,,,
Pr3+,1S0,46900,46900,0,0,0.0070,0,,,,,aquo E_exptl superscript °
Pr3+,rms Deviation,,,48,,,,,,,,
Nd3+,4I9/2,146,130,16,,,,Nd3+ in LaCl3,146,178,-32,aquo E_exptl superscript d
Nd3+,4I11/2,2 028^d,2007,21,0.0194,0.1073,1.1652,Nd3+ in LaCl3,2028,2043,-15,
Nd3+,4I13/2,4 050^e,4005,45,0.0001,0.0136,0.4557,Nd3+ in LaCl3,4010,4029,-19,
Nd3+,4I15/2,6050,6080,-30,0,0.0001,0.0452,Nd3+ in LaCl3,6058,6092,-34,
Nd3+,4F3/2,11460,11527,-67,0,0.2293,0.0549,Nd3+ in LaCl3,11438,11475,-37,
Nd3+,4F5/2,12480,12573,-93,0.0010,0.2371,0.3970,Nd3+ in LaCl3,12466,12517,-51,
Nd3+,2H9/2,12590,12738,-148,0.0092,0.0080,0.1154,Nd3+ in LaCl3,12618,12710,-92,
Nd3+,4F7/2,13500,13460,40,0,0.0027,0.2352,Nd3+ in LaCl3,13437,13504,-67,
Nd3+,4S3/2,13500,13565,-65,0.0010,0.0422,0.4245,Nd3+ in LaCl3,13524,13435,89,
Nd3+,4F9/2,14700,14854,-154,0.0009,0.0092,0.0417,Nd3+ in LaCl3,14722,14793,-71,
Nd3+,2H11/2,15870,16026,-156,0.0001,0.0027,0.0104,Nd3+ in LaCl3,15935,16001,-66,
Nd3+,4G5/2,17300,17167,133,0.8979,0.4093,0.0359,Nd3+ in LaCl3,17135,16999,136,
Nd3+,2G7/2,17460,17333,127,0.0757,0.1848,0.0314,Nd3+ in LaCl3,,17194,,
Nd3+,2K13/2,,19018,,0.0068,0.0002,0.0312,Nd3+ in LaCl3,,18874,,
Nd3+,4G7/2,19160,19103,57,0.0550,0.1570,0.0553,Nd3+ in LaCl3,19020,18965,55,
Nd3+,4G9/2,19550,19544,6,0.0046,0.0608,0.0406,Nd3+ in LaCl3,19434,19369,64,
Nd3+,2K15/2,21000,21016,-16,0,0.0052,0.0143,Nd3+ in LaCl3,,20858,,
Nd3+,2G9/2,21300,21171,129,0.0010,0.0148,0.0139,Nd3+ in LaCl3,21056,21060,-4,
Nd3+,"(2D,2P)3/2",21300,21266,34,0,0.0188,0.0002,Nd3+ in LaCl3,21129,21191,-62,
Nd3+,4G11/2,21650,21563,87,~0,0.0053,0.0080,Nd3+ in LaCl3,21426,21357,69,
Nd3+,2P1/2,23250,23140,110,0,0.0367,0,Nd3+ in LaCl3,23214,23050,164,
Nd3+,2D5/2,23900,23865,35,~0,0.0002,0.0021,Nd3+ in LaCl3,23780,23750,30,
Nd3+,"(2P,2D)3/2",26300,26260,40,0,0.0014,0.0008,Nd3+ in LaCl3,26160,26158,2,
Nd3+,4D3/2,28300,28312,-12,0,0.1960,0.0170,Nd3+ in LaCl3,27981,27990,-9,
Nd3+,4D5/2,28500,28477,23,0.0001,0.0567,0.0275,Nd3+ in LaCl3,,28187,,
Nd3+,2I11/2,,28624,,0.0049,0.0146,0.0034,Nd3+ in LaCl3,,28388,,
Nd3+,4D1/2,28850,28894,-44,0,0.2584,0,Nd3+ in LaCl3,28505,28563,-58,
Nd3+,2L15/2,,29260,,0,0.0248,0.0097,Nd3+ in LaCl3,,,,
Nd3+,2I13/2,,29966,,0.0001,0.0013,0.0017,Nd3+ in LaCl3,,,,
Nd3+,4D7/2,30500,30554,-54,~0,0.0037,0.0080,Nd3+ in LaCl3,,,,
Nd3+,2L17/2,,30747,,0,0.0010,0.0012,Nd3+ in LaCl3,,,,
Nd3+,2H9/2,,32567,,0.0001,0.0085,~0,Nd3+ in LaCl3,,,,
Nd3+,2D3/2,33400,33481,-81,0,0.0112,0.0012,Nd3+ in LaCl3,,,,
Nd3+,2H11/2,,33913,,0.0001,0.0001,0.0002,Nd3+ in LaCl3,,,,
Nd3+,2D5/2,34450,34474,-24,0.0007,0.0006,0.0034,Nd3+ in LaCl3,,,,
Nd3+,2F5/2,38500,38504,-4,0.0021,0.0033,~0,Nd3+ in LaCl3,,,,
Nd3+,2F7/2,39950,39926,24,~0,0.0004,0.0007,Nd3+ in LaCl3,,,,
Nd3+,2G9/2,47700,47696,4,~0,0.0015,0.0001,Nd3+ in LaCl3,,,,
Nd3+,2G7/2,48600,48586,14,0.0004,0.0024,0.0002,Nd3+ in LaCl3,,,,
Nd3+,rms Deviation,,,88,,,,Nd3+ in LaCl3,,,,
Pm3+,5I4,150,99,51,,,,,,,,aquo E_exptl superscript c
Pm3+,5I5,,1577,,0.0246,0.1172,0.9694,,,,,
Pm3+,5I6,,3186,,0.0018,0.0301,0.6893,,,,,
Pm3+,5I7,4850,4876,-26,0,0.0025,0.1581,,,,,aquo E_exptl superscript d
Pm3+,5I8,6600,6611,-11,0,~0,0.0103,,,,,aquo E_exptl superscript d
Pm3+,5F1,12400,12398,2,0,0.1404,0,,,,,
Pm3+,5F2,12820,12811,9,0.0026,0.1992,0.1264,,,,,
Pm3+,5F3,13600,13651,-51,~0,0.1041,0.4253,,,,,
Pm3+,5S2,14300,14337,-37,~0,0.0011,0.2295,,,,,
Pm3+,5F4,14650,14562,88,0.0005,0.0291,0.2403,,,,,
Pm3+,5F5,15900,15863,37,~0,0.0021,0.0346,,,,,
Pm3+,3K6,15900,15875,25,0.0024,0.0025,0.0104,,,,,
Pm3+,3K7,,17163,,0,0.0020,0.0200,,,,,
Pm3+,3H4,17300,17327,-27,0.0064,0.0210,0.0240,,,,,
Pm3+,5G2,17700,17857,-157,0.7215,0.2433,0.0041,,,,,
Pm3+,5G3,18300,18256,44,0.1444,0.2655,0.0454,,,,,
Pm3+,3K8,,18719,,0,0.0003,0.0088,,,,,
Pm3+,3H5,,19617,,0.0001,0.0057,0.0062,,,,,
Pm3+,5G4,20250,20181,69,0.0093,0.0957,0.0787,,,,,
Pm3+,3G3,,21102,,0.0228,0.0652,0.0075,,,,,
Pm3+,5G5,21900,21998,-98,0.0003,0.0103,0.0365,,,,,
Pm3+,3D2,,22178,,0.0072,0.0025,0.0028,,,,,
Pm3+,5G6,22300,22262,38,~0,0.0002,0.0008,,,,,
Pm3+,3L7,22300,22372,-72,0,0.0016,0.0099,,,,,
Pm3+,3D1,,23321,,0,0.0001,0,,,,,
Pm3+,3L8,23500,23444,56,0,0.0019,0.0133,,,,,
Pm3+,3G4,,23897,,0.0013,0.0112,0.0044,,,,,
Pm3+,3H6,,23995,,~0,0.0002,0.0041,,,,,
Pm3+,3L9,,24412,,0,0,0.0019,,,,,
Pm3+,"(3M,1L)8",,24462,,0,0.0045,0.0013,,,,,
Pm3+,3D3,24800,24800,0,0.0007,0.0032,0.0095,,,,,
Pm3+,3P0,,25066,,0,~0,0,,,,,
Pm3+,"(1D,3P)2",,25538,,~0,0.0002,0.0003,,,,,
Pm3+,3G5,,26235,,0.0002,0.0006,0.0007,,,,,
Pm3+,3F4,,26643,,~0,0.0005,0.0008,,,,,
Pm3+,3P1,,27051,,0,0.0003,0,,,,,
Pm3+,3M9,,27804,,0,0,0.0007,,,,,
Pm3+,3F2,,27894,,0.0091,0.0062,~0,,,,,
Pm3+,3I5,,27916,,0.0042,0.0004,0.0006,,,,,
Pm3+,3F2,,28193,,0.0048,0.0097,0.0025,,,,,
Pm3+,3M10,,28395,,0,0,~0,,,,,
Pm3+,3F3,,28810,,0.0002,0.0031,0.0013,,,,,
Pm3+,3I6,,29078,,0.0003,0.0006,0.0011,,,,,
Pm3+,1L8,,29189,,0,0.0015,0.0008,,,,,
Pm3+,3I7,,29587,,0,0.0001,0.0002,,,,,
Pm3+,5D0,30040,29979,61,0,0.1520,0,,,,,
Pm3+,5D1,30480,30471,9,0,0.2361,0,,,,,
Pm3+,3F3,,30816,,0.0012,0.0096,0.0046,,,,,
Pm3+,5D2,31250,31266,-16,0,0.1013,0.0214,,,,,
Pm3+,rms Deviation,,,78,,,,,,,,
Sm3+,6H5/2,36,46,-10,,,,Sm3+ in LaCl3,36,12,24,aquo E_exptl superscript d
Sm3+,6H7/2,1 080^d,1080,0,0.2062,0.1962,0.0952,Sm3+ in LaCl3,1080,1067,13,
Sm3+,6H9/2,2 286^d,2290,-4,0.0256,0.1395,0.3267,Sm3+ in LaCl3,2286,2279,7,
Sm3+,6H11/2,3 608^d,3624,-16,0,0.0240,0.2649,Sm3+ in LaCl3,3608,3618,-10,
Sm3+,6H13/2,5 000^e,5042,-42,0,0.0007,0.0659,Sm3+ in LaCl3,5014,5044,-30,
Sm3+,6F1/2,6 400^e,6397,3,0.1939,0,0,Sm3+ in LaCl3,,6299,,
Sm3+,6H15/2,,6508,,0,0,0.0043,Sm3+ in LaCl3,,6523,,
Sm3+,6F3/2,6630,6641,-11,0.1444,0.1364,0,Sm3+ in LaCl3,,6544,,
Sm3+,6F5/2,7100,7131,-31,0.0332,0.2840,0,Sm3+ in LaCl3,7033,7041,-8,
Sm3+,6F7/2,8000,7977,23,0.0020,0.1429,0.4301,Sm3+ in LaCl3,7900,7898,2,
Sm3+,6F9/2,9200,9136,64,~0,0.0206,0.3413,Sm3+ in LaCl3,9075,9069,6,
Sm3+,6F11/2,10500,10517,-17,0,0.0006,0.0515,Sm3+ in LaCl3,10460,10458,2,
Sm3+,4G5/2,17900,17924,-24,0.0002,0.0007,0,Sm3+ in LaCl3,17860,18053,-193,
Sm3+,4F3/2,18900,18832,68,0.0003,~0,0,Sm3+ in LaCl3,18860,18632,228,
Sm3+,4G7/2,20050,20014,36,0.0004,0.0018,0.0025,Sm3+ in LaCl3,20010,20100,-90,
Sm3+,4I9/2,,20526,,0.0022,0.0005,0.0014,Sm3+ in LaCl3,20600,20556,44,
Sm3+,4M15/2,20800,20627,173,0,0,0.0307,Sm3+ in LaCl3,,20279,,
Sm3+,4I11/2,21100,21096,4,0,~0,0.0108,Sm3+ in LaCl3,20977,20996,-19,
Sm3+,4I13/2,21600,21650,-50,0,0.0030,0.0228,Sm3+ in LaCl3,21562,21497,65,
Sm3+,4F5/2,22200,22098,102,0.0004,0.0002,0,Sm3+ in LaCl3,22129,22172,-43,
Sm3+,4M17/2,,22370,,0,0,0.0053,Sm3+ in LaCl3,,22006,,
Sm3+,4G9/2,22700,22706,-6,0.0001,0.0010,0.0028,Sm3+ in LaCl3,22850,22749,101,
Sm3+,4I15/2,,22966,,0,0,0.0002,Sm3+ in LaCl3,,22797,,
Sm3+,4M19/2,,23902,,0,0,0,Sm3+ in LaCl3,,23543,,
Sm3+,"(6P,4P)5/2",24050,24101,-51,~0,0.0263,0,Sm3+ in LaCl3,23784,23776,8,
Sm3+,4L13/2,24570,24562,8,0,0.0081,0.0096,Sm3+ in LaCl3,24560,24424,136,
Sm3+,4F7/2,,24775,,0.0002,0.0012,0.0003,Sm3+ in LaCl3,,24783,,
Sm3+,6P3/2,24950,24999,-49,~0,0.1684,0,Sm3+ in LaCl3,,24631,,
Sm3+,4K11/2,,25177,,0,0.0004,0.0027,Sm3+ in LaCl3,24532,24752,-220,
Sm3+,4M21/2,,25224,,0,0,0,Sm3+ in LaCl3,,,,
Sm3+,4L15/2,25650,25638,12,0,0,0.0060,Sm3+ in LaCl3,,,,
Sm3+,4G11/2,,25718,,0,0.0001,0.0010,Sm3+ in LaCl3,,,,
Sm3+,4D1/2,,26573,,0.0001,0,0,Sm3+ in LaCl3,,,,
Sm3+,6P7/2,26750,26660,90,~0,0.0016,0.0751,Sm3+ in LaCl3,,,,
Sm3+,4L17/2,,26749,,0,0,0.0002,Sm3+ in LaCl3,,,,
Sm3+,4K13/2,,26967,,0,0.0005,0.0011,Sm3+ in LaCl3,,,,
Sm3+,4F9/2,,27207,,~0,0.0004,~0,Sm3+ in LaCl3,,,,
Sm3+,4D3/2,27700,27714,-14,0.0001,0.0251,0,Sm3+ in LaCl3,,,,
Sm3+,"(4D,6P)5/2",27700,27722,-22,~0,0.0170,0,Sm3+ in LaCl3,,,,
Sm3+,4H7/2,28250,28396,-146,0.0013,0.0006,~0,Sm3+ in LaCl3,,,,
Sm3+,4K15/2,,28732,,0,0,~0,Sm3+ in LaCl3,,,,
Sm3+,4H9/2,29100,29012,88,0.0001,0.0002,0.0006,Sm3+ in LaCl3,,,,
Sm3+,4D7/2,29100,29107,-7,~0,0.0005,0.0375,Sm3+ in LaCl3,,,,
Sm3+,"(4K,4L)17/2",,29178,,0,0,~0,Sm3+ in LaCl3,,,,
Sm3+,4L19/2,,29322,,0,0,0,Sm3+ in LaCl3,,,,
Sm3+,4H11/2,,29381,,0,0.0001,0.0005,Sm3+ in LaCl3,,,,
Sm3+,4H13/2,,29827,,0,~0,0.0002,Sm3+ in LaCl3,,,,
Sm3+,4G7/2,,29980,,~0,0.0006,0.0004,Sm3+ in LaCl3,,,,
Sm3+,4G9/2,30200,30099,101,0.0001,0.0009,0.0013,Sm3+ in LaCl3,,,,
Sm3+,4G5/2,,30232,,0.0002,0.0002,0,Sm3+ in LaCl3,,,,
Sm3+,4P1/2,,31093,,~0,0,0,Sm3+ in LaCl3,,,,
Sm3+,4G11/2,,31349,,0,~0,0.0003,Sm3+ in LaCl3,,,,
Sm3+,2L15/2,,31408,,0,0,0.0002,Sm3+ in LaCl3,,,,
Sm3+,4P3/2,31550,31508,42,~0,0.0136,0,Sm3+ in LaCl3,,,,
Sm3+,4P5/2,32800,32706,94,~0,0.0021,0,Sm3+ in LaCl3,,,,
Sm3+,2F5/2,33800,33767,33,~0,0.0005,0,Sm3+ in LaCl3,,,,
Sm3+,2K13/2,33800,33825,-25,0,0.0002,0.0001,Sm3+ in LaCl3,,,,
Sm3+,4F9/2,,34061,,~0,~0,~0,Sm3+ in LaCl3,,,,
Sm3+,2L17/2,,34357,,0,0,~0,Sm3+ in LaCl3,,,,
Sm3+,"(4I,4F)9/2",34600,34591,9,~0,0.0004,0.0003,Sm3+ in LaCl3,,,,
Sm3+,2N19/2,,35385,,0,0,0,Sm3+ in LaCl3,,,,
Sm3+,2P1/2,,35718,,~0,0,0,Sm3+ in LaCl3,,,,
Sm3+,4F7/2,,35785,,~0,0,~0,Sm3+ in LaCl3,,,,
Sm3+,4I11/2,36000,36053,-53,0,0.0002,0.0003,Sm3+ in LaCl3,,,,
Sm3+,2N21/2,,36238,,0,0,0,Sm3+ in LaCl3,,,,
Sm3+,4F5/2,,36520,,~0,~0,0,Sm3+ in LaCl3,,,,
Sm3+,4I15/2,,36586,,0,0,~0,Sm3+ in LaCl3,,,,
Sm3+,4F3/2,36700,36586,114,~0,0.0002,0,Sm3+ in LaCl3,,,,
Sm3+,4I13/2,36700,36757,-57,0,~0,0.0001,Sm3+ in LaCl3,,,,
Sm3+,2M17/2,,36982,,0,0,~0,Sm3+ in LaCl3,,,,
Sm3+,"(2H,4I)9/2",37600,37487,113,~0,0.0005,0.0001,Sm3+ in LaCl3,,,,
Sm3+,"(2D,2F)3/2",38300,38270,30,~0,0.0003,0,Sm3+ in LaCl3,,,,
Sm3+,2F7/2,,38803,,0,~0,~0,Sm3+ in LaCl3,,,,
Sm3+,2K15/2,,38949,,0,0,~0,Sm3+ in LaCl3,,,,
Sm3+,2G7/2,,39057,,0.0001,~0,~0,Sm3+ in LaCl3,,,,
Sm3+,2H11/2,39250,39188,62,0,0.0002,~0,Sm3+ in LaCl3,,,,
Sm3+,2M19/2,,40417,,0,0,0,Sm3+ in LaCl3,,,,
Sm3+,2D5/2,,40664,,~0,~0,0,Sm3+ in LaCl3,,,,
Sm3+,2I11/2,,40990,,0,0.0001,~0,Sm3+ in LaCl3,,,,
Sm3+,2K13/2,,41269,,0,0.0001,~0,Sm3+ in LaCl3,,,,
Sm3+,2D3/2,,41369,,~0,~0,0,Sm3+ in LaCl3,,,,
Sm3+,2G9/2,42000,41941,49,~0,0.0002,0.0001,Sm3+ in LaCl3,,,,
Sm3+,2O23/2,,42022,,0,0,0,Sm3+ in LaCl3,,,,
Sm3+,2O21/2,,42406,,0,0,0,Sm3+ in LaCl3,,,,
Sm3+,4G5/2,,42714,,0.0016,0.0010,0,Sm3+ in LaCl3,,,,
Sm3+,4G7/2,42900,42965,-65,0.0013,0.0025,0.0006,Sm3+ in LaCl3,,,,
Sm3+,4K15/2,,43028,,0,0,~0,Sm3+ in LaCl3,,,,
Sm3+,"(4H,4G)9/2",43100,43250,-150,0.0003,0.0008,0.0015,Sm3+ in LaCl3,,,,
Sm3+,"(2I,4H)11/2",,43414,,0,0.0006,0.0006,Sm3+ in LaCl3,,,,
Sm3+,"(2I,4H)13/2",,43504,,0,0.0002,~0,Sm3+ in LaCl3,,,,
Sm3+,"(4G,2H,4H)11/2",43800,43845,-45,0,0.0008,0.0006,Sm3+ in LaCl3,,,,
Sm3+,"(2G,4H)7/2",,44237,,0.0002,~0,~0,Sm3+ in LaCl3,,,,
Sm3+,2G9/2,,44832,,~0,~0,0.0002,Sm3+ in LaCl3,,,,
Sm3+,"(4G,4H,2G)7/2",,45269,,~0,0.0006,~0,Sm3+ in LaCl3,,,,
Sm3+,4G9/2,,45615,,~0,0.0006,0,Sm3+ in LaCl3,,,,
Sm3+,2I13/2,,45801,,0,~0,~0,Sm3+ in LaCl3,,,,
Sm3+,4G11/2,,46123,,0,0.0001,0.0002,Sm3+ in LaCl3,,,,
Sm3+,2L17/2,,46370,,0,0,~0,Sm3+ in LaCl3,,,,
Sm3+,4H13/2,46500,46500,0,0,0.0004,0.0002,Sm3+ in LaCl3,,,,
Sm3+,2H11/2,46500,46554,-54,0,0.0005,~0,Sm3+ in LaCl3,,,,
Sm3+,"(4P,2D)3/2",46500,46669,-169,0.0002,0.0010,0,Sm3+ in LaCl3,,,,
Sm3+,2D5/2,,47127,,~0,~0,0,Sm3+ in LaCl3,,,,
Sm3+,2H11/2,47400,47307,93,0,0.0010,0.0001,Sm3+ in LaCl3,,,,
Sm3+,2L15/2,,47843,,0,0,~0,Sm3+ in LaCl3,,,,
Sm3+,"(2F,4P,2D)5/2",,47940,,0,0.0003,0,Sm3+ in LaCl3,,,,
Sm3+,2H9/2,,48288,,~0,~0,~0,Sm3+ in LaCl3,,,,
Sm3+,rms Deviation,,,80,,,,Sm3+ in LaCl3,,,,
Dy3+,6H15/2,52,40,12,,,,Dy3+ in LaCl3,52,35,17,aquo E_exptl superscript d
Dy3+,6H13/2,3 517^d,3506,11,0.2457,0.4139,0.6824,Dy3+ in LaCl3,3517,3480,37,
Dy3+,6H11/2,5850,5833,17,0.0923,0.0366,0.6410,Dy3+ in LaCl3,5835,5804,31,
Dy3+,6H9/2,7700,7692,8,0,0.0176,0.1985,Dy3+ in LaCl3,7667,7637,30,
Dy3+,6F11/2,7700,7730,-30,0.9387,0.8292,0.2048,Dy3+ in LaCl3,7667,7663,4,
Dy3+,6F9/2,9100,9087,13,0,0.5736,0.7213,Dy3+ in LaCl3,9014,9011,3,
Dy3+,6H7/2,9100,9115,-15,0,0.0007,0.0392,Dy3+ in LaCl3,9014,9099,-85,
Dy3+,6H5/2,10200,10169,31,0,0,0.0026,Dy3+ in LaCl3,10140,10146,-6,
Dy3+,6F7/2,11000,11025,-25,0,0.1360,0.7146,Dy3+ in LaCl3,10926,10945,-19,
Dy3+,6F5/2,12400,12432,-32,0,0,0.3452,Dy3+ in LaCl3,12323,12341,-18,
Dy3+,6F3/2,13250,13212,38,0,0,0.0610,Dy3+ in LaCl3,13116,13109,7,
Dy3+,6F1/2,,13760,,0,0,0,Dy3+ in LaCl3,,13650,,
Dy3+,4F9/2,21100,21144,-44,0,0.0047,0.0295,Dy3+ in LaCl3,20963,21056,-93,
Dy3+,4I15/2,22100,22293,-193,0.0073,0.0003,0.0654,Dy3+ in LaCl3,21954,21956,-2,
Dy3+,4G11/2,23400,23321,79,0.0004,0.0145,0.0003,Dy3+ in LaCl3,23303,23288,15,
Dy3+,4F7/2,25800,25754,46,0,0.0768,0.0263,Dy3+ in LaCl3,,25640,,
Dy3+,4I13/2,25800,25919,-119,0.0041,0.0013,0.0248,Dy3+ in LaCl3,,25539,,
Dy3+,4M21/2,,26341,,0,0.0102,0.0822,Dy3+ in LaCl3,,25562,,
Dy3+,4K17/2,26400,26365,35,0.0109,0.0048,0.0935,Dy3+ in LaCl3,,25627,,
Dy3+,4M19/2,27400,27219,181,0.0004,0.0166,0.1020,Dy3+ in LaCl3,,26374,,
Dy3+,"(4P,4D)3/2",27400,27254,146,0,0,0.0448,Dy3+ in LaCl3,,26832,,
Dy3+,6P5/2,27400,27503,-103,0,0,0.0697,Dy3+ in LaCl3,,27038,,
Dy3+,4I11/2,,28152,,0.0001,~0,0.0074,Dy3+ in LaCl3,,27728,,
Dy3+,6P7/2,28550,28551,-1,0,0.5222,0.0125,Dy3+ in LaCl3,28326,28346,-20,
Dy3+,"(4M,4I)15/2",,29244,,0.0023,0.0005,0.0009,Dy3+ in LaCl3,,28575,,
Dy3+,"(4F,4D)5/2",29600,29593,7,0,0,0.0249,Dy3+ in LaCl3,29480,29383,97,
Dy3+,4I9/2,,29885,,0,0.0003,0.0003,Dy3+ in LaCl3,,,,
Dy3+,4G9/2,,30200,,0,0.0014,0.0005,Dy3+ in LaCl3,,,,
Dy3+,6P7/2,30800,30803,-3,0,0,0.1095,Dy3+ in LaCl3,,,,
Dy3+,4M17/2,,30892,,0.0032,~0,0.0012,Dy3+ in LaCl3,,,,
Dy3+,"(4G,2F)7/2",,31560,,0,0.0066,0.0002,Dy3+ in LaCl3,,,,
Dy3+,4K15/2,,31795,,0.0028,0.0001,0.0093,Dy3+ in LaCl3,,,,
Dy3+,4D1/2,,31842,,0,0,0,Dy3+ in LaCl3,,,,
Dy3+,"(4D,4G)5/2",,31857,,0,0,~0,Dy3+ in LaCl3,,,,
Dy3+,4L19/2,,32187,,0.0004,0.0203,0.0056,Dy3+ in LaCl3,,,,
Dy3+,4H13/2,33500,33471,29,0.0099,0.0100,0.0016,Dy3+ in LaCl3,,,,
Dy3+,4F3/2,,33642,,0,0,0.0045,Dy3+ in LaCl3,,,,
Dy3+,"(4K,4L)13/2",,33776,,0.0060,0.0024,~0,Dy3+ in LaCl3,,,,
Dy3+,4D7/2,33900,33834,66,0,0.0661,0.0016,Dy3+ in LaCl3,,,,
Dy3+,4H11/2,,34307,,0.0029,0.0018,0.0022,Dy3+ in LaCl3,,,,
Dy3+,4G9/2,,34311,,0,0.0007,0.0041,Dy3+ in LaCl3,,,,
Dy3+,4F5/2,,34398,,0,0,0.0004,Dy3+ in LaCl3,,,,
Dy3+,4G11/2,34900,34954,-54,0.0016,0.0054,0.0075,Dy3+ in LaCl3,,,,
Dy3+,4L17/2,34900,35047,-147,0.0003,0.0088,0.0018,Dy3+ in LaCl3,,,,
Dy3+,"(4G,4H)7/2",35900,35891,9,0,0.0042,0.0001,Dy3+ in LaCl3,,,,
Dy3+,4K11/2,,36432,,0.0001,~0,0.0001,Dy3+ in LaCl3,,,,
Dy3+,"(4G,4P)5/2",36550,36524,26,0,0,0.0040,Dy3+ in LaCl3,,,,
Dy3+,4G9/2,,36794,,0,0.0013,0.0014,Dy3+ in LaCl3,,,,
Dy3+,"(4L,4K)13/2",,37103,,0.0003,0.0001,0.0006,Dy3+ in LaCl3,,,,
Dy3+,4L15/2,,37230,,0.0001,0.0016,0.0002,Dy3+ in LaCl3,,,,
Dy3+,4P1/2,,37435,,0,0,0,Dy3+ in LaCl3,,,,
Dy3+,4H7/2,,37807,,0,~0,0.0002,Dy3+ in LaCl3,,,,
Dy3+,4F3/2,37900,38031,-131,0,0,0.0043,Dy3+ in LaCl3,,,,
Dy3+,"(2K,2L)15/2",,38811,,0.0003,0.0001,0.0007,Dy3+ in LaCl3,,,,
Dy3+,"(4G,4P)5/2",38900,38860,40,0,0,0.0061,Dy3+ in LaCl3,,,,
Dy3+,"(4P,4F)3/2",39100,39127,-27,0,0,0.0091,Dy3+ in LaCl3,,,,
Dy3+,4F5/2,,40922,,0,0,~0,Dy3+ in LaCl3,,,,
Dy3+,"(4F,2G)9/2",41050,41035,15,0,0.0015,0.0002,Dy3+ in LaCl3,,,,
Dy3+,4I15/2,41700,41596,104,0.0030,0.0043,0.0001,Dy3+ in LaCl3,,,,
Dy3+,2L17/2,,41848,,0.0001,~0,0.0002,Dy3+ in LaCl3,,,,
Dy3+,4F7/2,,42127,,0,0.0021,0.0002,Dy3+ in LaCl3,,,,
Dy3+,2P3/2,,42807,,0,0,0.0005,Dy3+ in LaCl3,,,,
Dy3+,rms Deviation,,,86,,,,Dy3+ in LaCl3,,,,
Ho3+,5I8,108,80,28,,,,Ho3+ in LaCl3,107.7,140,-32,aquo E_exptl superscript d
Ho3+,5I7,5 130^e,5116,14,0.0250,0.1344,1.5216,Ho3+ in LaCl3,5154.8,5169,-13,
Ho3+,5I6,8580,8614,-34,0.0084,0.0386,0.6921,Ho3+ in LaCl3,8656.9,8668,-11,
Ho3+,5I5,11120,11165,-45,0,0.0100,0.0936,Ho3+ in LaCl3,11218.9,11216,3,
Ho3+,5I4,13300,13219,81,0,~0,0.0077,Ho3+ in LaCl3,13284.1,13272,12,
Ho3+,5F5,15500,15519,-19,0,0.4250,0.5687,Ho3+ in LaCl3,15482.0,15508,-26,
Ho3+,5S2,18500,18354,146,0,0,0.2268,Ho3+ in LaCl3,18430.3,18284,146,
Ho3+,5F4,18500,18612,-112,0,0.2392,0.7071,Ho3+ in LaCl3,18553.9,18619,-65,
Ho3+,5F3,20600,20673,-73,0,0,0.3460,Ho3+ in LaCl3,20614.0,20644,-30,
Ho3+,5F2,21100,21130,-30,0,0,0.1921,Ho3+ in LaCl3,21069.2,21058,11,
Ho3+,3K8,21370,21308,62,0.0208,0.0334,0.1578,Ho3+ in LaCl3,21350.7,21310,41,
Ho3+,5G6,22100,22094,6,1.5201,0.8410,0.1411,Ho3+ in LaCl3,22100.6,22118,-17,
Ho3+,5F1,,22375,,0,0,0,Ho3+ in LaCl3,,22304,,
Ho3+,"(5G,3G)5",23950,23887,63,0,0.5338,0.0002,Ho3+ in LaCl3,23936.4,23782,154,
Ho3+,5G4,25800,25826,-26,0,0.0315,0.0359,Ho3+ in LaCl3,25820.4,25798,22,
Ho3+,3K7,26200,26117,83,0.0058,0.0046,0.0338,Ho3+ in LaCl3,26139.7,26114,26,
Ho3+,"(5G,3H)5",27700,27653,47,0,0.0790,0.1610,Ho3+ in LaCl3,27648.8,27640,9,
Ho3+,3H6,27700,27675,25,0.2155,0.1179,0.0028,Ho3+ in LaCl3,,27703,,
Ho3+,"(5F,3F,5G)2",28250,28301,-51,0,0,0.0041,Ho3+ in LaCl3,27968.8,28136,-167,
Ho3+,5G3,28800,28816,-16,0,0,0.0133,Ho3+ in LaCl3,28810.6,28786,24,
Ho3+,3L9,29000,29020,-20,0.0185,0.0052,0.1536,Ho3+ in LaCl3,28911.4,28988,-77,
Ho3+,"(5F,3H,3G)4",30000,30017,-17,0,0.1260,0.0047,Ho3+ in LaCl3,,29915,,
Ho3+,3K6,30000,30036,-36,0.0026,0.0002,0.0026,Ho3+ in LaCl3,,29994,,
Ho3+,5G2,30900,30813,87,0,0,0.0010,Ho3+ in LaCl3,,30687,,
Ho3+,3D3,33200,33339,-139,0,0,0.0030,Ho3+ in LaCl3,33066.5,33130,-64,
Ho3+,3P1,,33398,,0,0,0,Ho3+ in LaCl3,,33152,,
Ho3+,3M10,34200,34264,-64,0.0003,0.0696,0.0808,Ho3+ in LaCl3,,34375,,
Ho3+,3L8,34200,34306,-106,0.0017,0.0005,0.0108,Ho3+ in LaCl3,,34273,,
Ho3+,"(5G,5D,3G)4",34800,34794,6,0,0.3040,0.0492,Ho3+ in LaCl3,34728.3,34761,-33,
Ho3+,"(5F,3G)3",35200,35224,-24,0,0,0.0036,Ho3+ in LaCl3,,34977,,
Ho3+,3P0,,36050,,0,0,0,Ho3+ in LaCl3,,35852,,
Ho3+,"(5H,5D,1G)4",36000,36046,-46,0,0.2635,0.0041,Ho3+ in LaCl3,,35980,,
Ho3+,3F2,,36364,,0,0,0.0035,Ho3+ in LaCl3,,36006,,
Ho3+,1L8,36500,36516,-16,0.0002,0.0056,0.0016,Ho3+ in LaCl3,,36488,,
Ho3+,"(5H,3G)5",36800,36773,27,0,0.0024,0.0032,Ho3+ in LaCl3,36722.2,36684,38,
Ho3+,"(3P,1D)2",,37845,,0,0,~0,Ho3+ in LaCl3,,37686,,
Ho3+,3L7,38000,38022,-22,0.0020,~0,0.0036,Ho3+ in LaCl3,,37924,,
Ho3+,3I7,38500,38470,30,0.0157,0.0003,0.0080,Ho3+ in LaCl3,38314.2,38268,46,
Ho3+,3F4,38500,38509,-9,0,0.0084,0.0023,Ho3+ in LaCl3,,,,
Ho3+,3I5,,39271,,0,0.0008,0.0008,Ho3+ in LaCl3,,,,
Ho3+,3M9,39500,39435,65,0.0005,0.0057,0.0029,Ho3+ in LaCl3,,,,
Ho3+,3I6,,39830,,0.0065,~0,0.0043,Ho3+ in LaCl3,,,,
Ho3+,"(3D,5D,3P)1",,39982,,0,0,0,Ho3+ in LaCl3,,,,
Ho3+,5D3,40000,39992,8,0,0,0.0293,Ho3+ in LaCl3,,,,
Ho3+,"(3F,5D)4",41550,41532,18,0,0.2577,0.0144,Ho3+ in LaCl3,,,,
Ho3+,5D2,41900,41922,-22,0,0,0.0128,Ho3+ in LaCl3,,,,
Ho3+,5D0,,42582,,0,0,0,Ho3+ in LaCl3,,,,
Ho3+,"(3F,5D)3",42850,42811,39,0,0,0.0079,Ho3+ in LaCl3,,,,
Ho3+,5D1,,43066,,0,0,0,Ho3+ in LaCl3,,,,
Ho3+,"(1D,3D)2",,45286,,0,0,0.0004,Ho3+ in LaCl3,,,,
Ho3+,3M8,,45691,,~0,~0,0.0001,Ho3+ in LaCl3,,,,
Ho3+,3H4,,45705,,0,0.0068,0.0003,Ho3+ in LaCl3,,,,
Ho3+,"(3H,1I)6",45700,45724,-24,0.0001,0.0118,0.0005,Ho3+ in LaCl3,,,,
Ho3+,3F3,,47448,,0,0,0.0008,Ho3+ in LaCl3,,,,
Ho3+,"(3H,3G,3I)5",48200,48102,98,0,0.0034,~0,Ho3+ in LaCl3,,,,
Ho3+,"(1D,3F)2",,48736,,0,0,~0,Ho3+ in LaCl3,,,,
Ho3+,1H5,,49335,,0,0.0016,~0,Ho3+ in LaCl3,,,,
Ho3+,rms Deviation,,,62,,,,Ho3+ in LaCl3,,,,
Er3+,4I15/2,108,109,-1,,,,,,,,aquo E_exptl superscript c
Er3+,4I13/2,6600,6610,-10,0.0195,0.1173,1.4316,,,,,
Er3+,4I11/2,10250,10219,31,0.0282,0.0003,0.3953,,,,,
Er3+,4I9/2,12400,12378,22,0,0.1733,0.0099,,,,,
Er3+,4F9/2,15250,15245,5,0,0.5354,0.4618,,,,,
Er3+,4S8/2,18350,18462,-112,0,0,0.2211,,,,,
Er3+,2H11/2,19150,19256,-106,0.7125,0.4125,0.0925,,,,,
Er3+,4F7/2,20450,20422,28,0,0.1469,0.6266,,,,,
Er3+,4F5/2,22100,22074,26,0,0,0.2232,,,,,
Er3+,4F3/2,22500,22422,78,0,0,0.1272,,,,,
Er3+,"(2G,4F,2H)9/2",24550,24505,45,0,0.0189,0.2256,,,,,
Er3+,4G11/2,26400,26496,-96,0.9183,0.5262,0.1172,,,,,
Er3+,4G9/2,27400,27478,-78,0,0.2416,0.1235,,,,,
Er3+,2K15/2,,27801,,0.0219,0.0041,0.0758,,,,,
Er3+,2G7/2,28000,27979,21,0,0.0174,0.1163,,,,,
Er3+,"(2P,2D,4F)3/2",31600,31653,-53,0,0,0.0172,,,,,
Er3+,2K13/2,33200,33085,115,0.0032,0.0029,0.0152,,,,,
Er3+,4G5/2,33400,33389,11,0,0,0.0026,,,,,
Er3+,2P1/2,,33453,,0,0,0,,,,,
Er3+,4G7/2,34050,34022,28,0,0.0334,0.0029,,,,,
Er3+,2D5/2,34850,34800,50,0,0,0.0228,,,,,
Er3+,"(2H,2G)9/2",36550,36566,-16,0,0.0501,0.0001,,,,,
Er3+,2D5/2,38600,38576,24,0,0,0.0267,,,,,
Er3+,4D7/2,39200,39158,42,0,0.8921,0.0291,,,,,
Er3+,2I11/2,41150,41009,141,0.0002,0.0284,0.0034,,,,,
Er3+,2L17/2,41650,41686,-36,0.0047,0.0664,0.0327,,,,,
Er3+,4D3/2,42300,42257,43,0,0,0.0126,,,,,
Er3+,"(2D,2P)3/2",,42966,,0,0,0.0002,,,,,
Er3+,2I13/2,43550,43717,167,0.0050,0.0170,0.0050,,,,,
Er3+,4D1/2,,47040,,0,0,0,,,,,
Er3+,2H9/2,,47822,,0,0.0038,0.0001,,,,,
Er3+,2L15/2,,47916,,0.0002,0.0026,0.0021,,,,,
Er3+,"(2D,4D)5/2",49000,49033,-33,0,0,0.0096,,,,,
Er3+,2H11/2,,51000,,0.0001,0.0082,~0,,,,,
Er3+,rms Deviation,,,81,,,,,,,,
Tm3+,3H6,170,202,-32,,,,Tm(C2H5SO4)3.9H2O,170,141,29,aquo E_exptl superscript d
Tm3+,3F4,5900,5811,89,0.5375,0.7261,0.2382,Tm(C2H5SO4)3.9H2O,5846,5787,59,
Tm3+,3H5,8400,8390,10,0.1074,0.2314,0.6383,Tm(C2H5SO4)3.9H2O,8250,8326,-76,
Tm3+,3H4,12700,12720,-20,0.2373,0.1090,0.5947,Tm(C2H5SO4)3.9H2O,12665,12673,-8,
Tm3+,3F3,14500,14510,-10,0,0.3164,0.8411,Tm(C2H5SO4)3.9H2O,14464,14514,-50,
Tm3+,3F2,15100,15116,-16,0,~0,0.2581,Tm(C2H5SO4)3.9H2O,15192,15112,80,
Tm3+,1G4,21350,21374,-24,0.0483,0.0748,0.0125,Tm(C2H5SO4)3.9H2O,21300,21306,-6,
Tm3+,1D2,28000,28032,-32,0,0.3156,0.0928,Tm(C2H5SO4)3.9H2O,27916,28014,-98,
Tm3+,1I6,34900,34886,14,0.0106,0.0388,0.0134,Tm(C2H5SO4)3.9H2O,34870,34851,19,
Tm3+,3P0,35500,35637,-137,0,0,0.0756,Tm(C2H5SO4)3.9H2O,35444,35641,-197,
Tm3+,3P1,36400,36298,102,0,0,0.1239,Tm(C2H5SO4)3.9H2O,36461,36295,166,
Tm3+,3P2,38250,38193,57,0,0.2645,0.0223,Tm(C2H5SO4)3.9H2O,38257,38175,82,
Tm3+,1S0,,79592,,0,0,0.0002,Tm(C2H5SO4)3.9H2O,,79720,,
Tm3+,rms Deviation,,,94,,,,Tm(C2H5SO4)3.9H2O,,,,
