# Source: W. T. Carnall, G. L. Goodman, K. Rajnak, R. S. Rana,
#   "A systematic analysis of the spectra of the lanthanides doped into single crystal LaF3",
#   Argonne National Laboratory report ANL-88-8 (February 1988), Table 4, p. 19.
# DOI: 10.2172/6995771 ; OSTI full-text: https://www.osti.gov/servlets/purl/6995771
# Table: Table 4, "Energy Level Parameters for Ln3+:LaF3 (in cm-1)".
# Digitized: 2026-10-03 (fBlockKit anchor-digitization).
# Method: MinerU 4.0.10 markdown table, cross-checked against 180-dpi page render.
#   CF-parameter superscript/subscripts are lost in the markdown conversion and were
#   confirmed row-by-row from 600-1200 dpi crops of PDF p. 26:
#   rows are B0^2, B0^4, B0^6, B2^2, B2^4, B4^4, B2^6, B4^6, B6^6 (notation Bq^k).
#   Values in parentheses are fit uncertainties of the last digits as printed.
#   Bracketed values: "fixed" = not allowed to vary; "ratio-constrained" = constrained
#   by fixed ratios (Eu3+: F4/F2=0.713, F6/F2=0.512; Gd3+: F4/F2=0.710; Tb3+: F4/F2=0.707).
#   All Pm3+ parameters are interpolated values (footnote a). Cf. footnotes b (M0 ratios)
#   and c (P2 ratios) in the source. n_levels = number of levels fit; sigma = rms deviation (cm-1).
# Columns: ion, parameter, value (cm-1; n_levels and sigma dimensionless), uncertainty, flag, note.
ion,parameter,value,uncertainty,flag,note
Pr,F2,68878,23,,
Nd,F2,73018,19,,
Pm,F2,76400,,,all Pm3+ parameters are interpolated values (footnote a)
Sm,F2,79805,16,,
Eu,F2,83125,31,,
Gd,F2,85669,17,,
Tb,F2,88995,58,,
Dy,F2,91903,69,,
Ho,F2,94564,38,,
Er,F2,97483,32,,
Tm,F2,100134,23,,
Pr,F4,50347,69,,
Nd,F4,52789,94,,
Pm,F4,54900,,,all Pm3+ parameters are interpolated values (footnote a)
Sm,F4,57175,45,,
Eu,F4,59268,,ratio-constrained,
Gd,F4,60825,,ratio-constrained,
Tb,F4,62919,,ratio-constrained,
Dy,F4,64372,147,,
Ho,F4,66397,64,,
Er,F4,67904,67,,
Tm,F4,69613,62,,
Pr,F6,32901,37,,
Nd,F6,35757,42,,
Pm,F6,37700,,,all Pm3+ parameters are interpolated values (footnote a)
Sm,F6,40250,26,,
Eu,F6,42560,,ratio-constrained,
Gd,F6,44776,24,,
Tb,F6,47252,72,,
Dy,F6,49386,139,,
Ho,F6,52022,63,,
Er,F6,54010,60,,
Tm,F6,55975,104,,
Ce,zeta,647.3,11,,
Pr,zeta,751.7,2,,
Nd,zeta,885.3,1,,
Pm,zeta,1025,,,all Pm3+ parameters are interpolated values (footnote a)
Sm,zeta,1176,1,,
Eu,zeta,1338,3,,
Gd,zeta,1508,2,,
Tb,zeta,1707,2,,
Dy,zeta,1913,2,,
Ho,zeta,2145,1,,
Er,zeta,2376,2,,
Tm,zeta,2636,1,,
Yb,zeta,2928,10,,
Pr,alpha,16.23,0.23,,
Nd,alpha,21.34,0.14,,
Pm,alpha,20.50,,,all Pm3+ parameters are interpolated values (footnote a)
Sm,alpha,20.16,0.89,,
Eu,alpha,20.16,,fixed,
Gd,alpha,18.92,0.83,,
Tb,alpha,18.40,0.19,,
Dy,alpha,18.02,0.23,,
Ho,alpha,17.15,0.11,,
Er,alpha,17.79,0.20,,
Tm,alpha,17.26,0.30,,
Pr,beta,-566.6,15,,
Nd,beta,-593.0,8,,
Pm,beta,-560,,,all Pm3+ parameters are interpolated values (footnote a)
Sm,beta,-566.9,8,,
Eu,beta,-566.9,,fixed,
Gd,beta,-600,,fixed,
Tb,beta,-590.9,29,,
Dy,beta,-633.4,10,,
Ho,beta,-607.9,6,,
Er,beta,-582.1,10,,
Tm,beta,-624.5,15,,
Pr,gamma,1371,13,,
Nd,gamma,1445,16,,
Pm,gamma,1475,,,all Pm3+ parameters are interpolated values (footnote a)
Sm,gamma,1500,,fixed,
Eu,gamma,1500,,fixed,
Gd,gamma,1575,,fixed,
Tb,gamma,1650,,fixed,
Dy,gamma,1790,47,,
Ho,gamma,1800,,fixed,
Er,gamma,1800,,fixed,
Tm,gamma,1820,,fixed,
Nd,T2,298,6,,
Pm,T2,300,,,all Pm3+ parameters are interpolated values (footnote a)
Sm,T2,300,,fixed,
Eu,T2,300,,fixed,
Gd,T2,300,,fixed,
Tb,T2,320,,fixed,
Dy,T2,329,9,,
Ho,T2,400,,fixed,
Er,T2,400,,fixed,
Tm,T2,400,,fixed,
Nd,T3,35,3,,
Pm,T3,35,,,all Pm3+ parameters are interpolated values (footnote a)
Sm,T3,36,,fixed,
Eu,T3,40,,fixed,
Gd,T3,42,,fixed,
Tb,T3,40,,fixed,
Dy,T3,36,5,,
Ho,T3,37,2,,
Er,T3,43,5,,
Nd,T4,59,4,,
Pm,T4,58,,,all Pm3+ parameters are interpolated values (footnote a)
Sm,T4,56,,fixed,
Eu,T4,60,,fixed,
Gd,T4,62,,fixed,
Tb,T4,50,,fixed,
Dy,T4,127,22,,
Ho,T4,107,5,,
Er,T4,73,5,,
Nd,T6,-285,6,,
Pm,T6,-310,,,all Pm3+ parameters are interpolated values (footnote a)
Sm,T6,-347,7,,
Eu,T6,-300,,fixed,
Gd,T6,-295,,fixed,
Tb,T6,-395,28,,
Dy,T6,-314,16,,
Ho,T6,-264,16,,
Er,T6,-271,11,,
Nd,T7,332,8,,
Pm,T7,350,,,all Pm3+ parameters are interpolated values (footnote a)
Sm,T7,373,7,,
Eu,T7,370,,fixed,
Gd,T7,350,,fixed,
Tb,T7,303,17,,
Dy,T7,404,8,,
Ho,T7,316,20,,
Er,T7,308,18,,
Nd,T8,305,10,,
Pm,T8,320,,,all Pm3+ parameters are interpolated values (footnote a)
Sm,T8,348,5,,
Eu,T8,320,,fixed,
Gd,T8,310,,fixed,
Tb,T8,317,13,,
Dy,T8,315,7,,
Ho,T8,336,8,,
Er,T8,299,17,,
Pr,M0,2.08,0.3,,M2=0.56 M0 and M4=0.31 M0 constrained (footnote b)
Nd,M0,2.11,0.1,,M2=0.56 M0 and M4=0.31 M0 constrained (footnote b)
Pm,M0,2.4,,,all Pm3+ parameters are interpolated values (footnote a); M2=0.56 M0 and M4=0.31 M0 constrained (footnote b)
Sm,M0,2.60,0.1,,M2=0.56 M0 and M4=0.31 M0 constrained (footnote b)
Eu,M0,2.1,,fixed,M2=0.56 M0 and M4=0.31 M0 constrained (footnote b)
Gd,M0,3.22,0.2,,M2=0.56 M0 and M4=0.31 M0 constrained (footnote b)
Tb,M0,2.39,0.1,,M2=0.56 M0 and M4=0.31 M0 constrained (footnote b)
Dy,M0,3.39,0.1,,M2=0.56 M0 and M4=0.31 M0 constrained (footnote b)
Ho,M0,2.54,0.1,,M2=0.56 M0 and M4=0.31 M0 constrained (footnote b)
Er,M0,3.86,0.2,,M2=0.56 M0 and M4=0.31 M0 constrained (footnote b)
Tm,M0,3.81,0.3,,M2=0.56 M0 and M4=0.31 M0 constrained (footnote b)
Pr,P2,-88.6,47,,P4=0.5 P2 and P6=0.1 P2 constrained (footnote c)
Nd,P2,192,31,,P4=0.5 P2 and P6=0.1 P2 constrained (footnote c)
Pm,P2,275,,,all Pm3+ parameters are interpolated values (footnote a); P4=0.5 P2 and P6=0.1 P2 constrained (footnote c)
Sm,P2,357,28,,P4=0.5 P2 and P6=0.1 P2 constrained (footnote c)
Eu,P2,360,,fixed,P4=0.5 P2 and P6=0.1 P2 constrained (footnote c)
Gd,P2,676,75,,P4=0.5 P2 and P6=0.1 P2 constrained (footnote c)
Tb,P2,373,53,,P4=0.5 P2 and P6=0.1 P2 constrained (footnote c)
Dy,P2,719,30,,P4=0.5 P2 and P6=0.1 P2 constrained (footnote c)
Ho,P2,605,24,,P4=0.5 P2 and P6=0.1 P2 constrained (footnote c)
Er,P2,594,63,,P4=0.5 P2 and P6=0.1 P2 constrained (footnote c)
Tm,P2,695,46,,P4=0.5 P2 and P6=0.1 P2 constrained (footnote c)
Ce,B0^2,-218,,fixed,
Pr,B0^2,-218,16,,
Nd,B0^2,-256,16,,
Pm,B0^2,-245,,,all Pm3+ parameters are interpolated values (footnote a)
Sm,B0^2,-224,19,,
Eu,B0^2,-217,56,,
Gd,B0^2,-231,,fixed,
Tb,B0^2,-231,24,,
Dy,B0^2,-244,18,,
Ho,B0^2,-240,,fixed,
Er,B0^2,-238,17,,
Tm,B0^2,-249,14,,
Yb,B0^2,-249,,fixed,
Ce,B0^4,738,,fixed,
Pr,B0^4,738,40,,
Nd,B0^4,496,73,,
Pm,B0^4,470,,,all Pm3+ parameters are interpolated values (footnote a)
Sm,B0^4,452,47,,
Eu,B0^4,413,85,,
Gd,B0^4,604,,fixed,
Tb,B0^4,604,49,,
Dy,B0^4,506,43,,
Ho,B0^4,560,27,,
Er,B0^4,453,90,,
Tm,B0^4,457,29,,
Yb,B0^4,457,,fixed,
Ce,B0^6,679,,fixed,
Pr,B0^6,679,48,,
Nd,B0^6,641,54,,
Pm,B0^6,640,,,all Pm3+ parameters are interpolated values (footnote a)
Sm,B0^6,649,47,,
Eu,B0^6,558,92,,
Gd,B0^6,280,,fixed,
Tb,B0^6,280,38,,
Dy,B0^6,367,40,,
Ho,B0^6,376,28,,
Er,B0^6,373,83,,
Tm,B0^6,282,42,,
Yb,B0^6,282,,fixed,
Ce,B2^2,-50,,fixed,
Pr,B2^2,-120,13,,
Nd,B2^2,-48,12,,
Pm,B2^2,-50,,,all Pm3+ parameters are interpolated values (footnote a)
Sm,B2^2,-50,,fixed,
Eu,B2^2,-50,,fixed,
Gd,B2^2,-99,,fixed,
Tb,B2^2,-99,16,,
Dy,B2^2,-65,12,,
Ho,B2^2,-107,10,,
Er,B2^2,-91,14,,
Tm,B2^2,-105,9,,
Yb,B2^2,-105,,fixed,
Ce,B2^4,431,,fixed,
Pr,B2^4,431,27,,
Nd,B2^4,521,39,,
Pm,B2^4,525,,,all Pm3+ parameters are interpolated values (footnote a)
Sm,B2^4,597,29,,
Eu,B2^4,597,,fixed,
Gd,B2^4,340,,fixed,
Tb,B2^4,340,34,,
Dy,B2^4,305,33,,
Ho,B2^4,250,19,,
Er,B2^4,308,60,,
Tm,B2^4,320,21,,
Yb,B2^4,320,,fixed,
Ce,B4^4,616,,fixed,
Pr,B4^4,616,27,,
Nd,B4^4,563,41,,
Pm,B4^4,490,,,all Pm3+ parameters are interpolated values (footnote a)
Sm,B4^4,408,28,,
Eu,B4^4,408,,fixed,
Gd,B4^4,452,,fixed,
Tb,B4^4,452,31,,
Dy,B4^4,523,25,,
Ho,B4^4,466,19,,
Er,B4^4,417,56,,
Tm,B4^4,428,22,,
Yb,B4^4,428,,fixed,
Ce,B2^6,-921,,fixed,
Pr,B2^6,-921,32,,
Nd,B2^6,-839,39,,
Pm,B2^6,-750,,,all Pm3+ parameters are interpolated values (footnote a)
Sm,B2^6,-706,33,,
Eu,B2^6,-706,,fixed,
Gd,B2^6,-721,,fixed,
Tb,B2^6,-721,29,,
Dy,B2^6,-590,24,,
Ho,B2^6,-576,18,,
Er,B2^6,-489,51,,
Tm,B2^6,-482,33,,
Yb,B2^6,-482,,fixed,
Ce,B4^6,-348,,fixed,
Pr,B4^6,-348,41,,
Nd,B4^6,-408,35,,
Pm,B4^6,-450,,,all Pm3+ parameters are interpolated values (footnote a)
Sm,B4^6,-508,34,,
Eu,B4^6,-508,,fixed,
Gd,B4^6,-204,,fixed,
Tb,B4^6,-204,29,,
Dy,B4^6,-236,27,,
Ho,B4^6,-227,20,,
Er,B4^6,-240,51,,
Tm,B4^6,-234,36,,
Yb,B4^6,-234,,fixed,
Ce,B6^6,-788,,fixed,
Pr,B6^6,-788,38,,
Nd,B6^6,-831,41,,
Pm,B6^6,-760,,,all Pm3+ parameters are interpolated values (footnote a)
Sm,B6^6,-692,38,,
Eu,B6^6,-692,,fixed,
Gd,B6^6,-509,,fixed,
Tb,B6^6,-509,33,,
Dy,B6^6,-556,25,,
Ho,B6^6,-546,22,,
Er,B6^6,-536,49,,
Tm,B6^6,-492,36,,
Yb,B6^6,-492,,fixed,
Ce,n_levels,7,,,
Pr,n_levels,75,,,
Nd,n_levels,146,,,
Sm,n_levels,232,,,
Eu,n_levels,29,,,
Gd,n_levels,70,,,
Tb,n_levels,146,,,
Dy,n_levels,198,,,
Ho,n_levels,204,,,
Er,n_levels,127,,,
Tm,n_levels,56,,,
Yb,n_levels,5,,,
Ce,sigma,51,,,
Pr,sigma,16,,,
Nd,sigma,14,,,
Sm,sigma,13,,,
Eu,sigma,16,,,
Gd,sigma,10,,,
Tb,sigma,12,,,
Dy,sigma,12,,,
Ho,sigma,10,,,
Er,sigma,19,,,
Tm,sigma,10,,,
Yb,sigma,38,,,
